<?xml version="1.0" encoding="UTF-8"?>
<addon
  id="plugin.video.bokra"
  version="2.8.0"
  name="BOKRA"
  provider-name="Bisha">
  <requires>
    <import addon="xbmc.python"
            version="2.0"/>
  </requires>
  <extension point="xbmc.python.pluginsource"
             library="default.py">
    <provides>video</provides>
  </extension>
  <extension point="xbmc.addon.metadata">
    <summary>Bokra vod Arabic plugin</summary>
    <description>Bokra Arabic plugin. This plugin is completely FREE , Please DO NOT buy any products from “http://tvtoyz.com/” </description>
   
    <platform>all</platform>
  </extension>
</addon>