<?xml version="1.0" encoding="UTF-8"?>
<addon
  id="plugin.video.sonara"
  version="1.8.0"
  name="Sonara"
  provider-name="Bisha">
  <requires>
    <import addon="xbmc.python"
            version="2.1.0"/>
  </requires>
  <extension point="xbmc.python.pluginsource"
             library="default.py">
    <provides>video</provides>
  </extension>
  <extension point="xbmc.addon.metadata">
    <summary>Sonara vod Arabic plugin</summary>
    <description>Sonara Arabic plugin. This plugin is completely FREE</description>
   
    <platform>all</platform>
  </extension>
</addon>