
<streamingInfos>




	<streaminginfo>
		<cname>Melody Hits</cname>

		<item>
			<title>Melody Hits .24 sab9a</title>
			<thumbnail>https://lh3.ggpht.com/-DE3GqoUaC4g/UuNmaROcywI/AAAAAAAABDM/trn-g__hU7M/s1600/melody_hits.png</thumbnail>
			<link>http://38.96.148.24//MelodyHits/MHits_576p/playlist.m3u8</link>
		</item>
	</streaminginfo>


	<streaminginfo>
		<cname>Melody Arabia</cname>

		<item>
			<title>Melody arabia HD.24 sab9a</title>
			<thumbnail>http://www.lyngsat-logo.com/hires/mm/melody_arabia.png</thumbnail>
			<link>http://38.96.148.24/MelodyArabia/MArabia_576p/playlist.m3u8</link>
		</item>
	</streaminginfo>


	



	<streaminginfo>
		<cname>Al Jazeera America</cname>

<item>
<title>Al Jazeera America</title>
<link>rtmp://ajam.lsops.net/live/ playpath=ajam_en_584 swfUrl=http://www.longtailvideo.com//jwplayer/jwplayer.flash.swf pageUrl=http://nidal.tv/embeds/jazeeraamerica.php</link>
</item>
 </streaminginfo>


	<streaminginfo>
		<cname>Aljazeera</cname>

<item>
<title>Al Jazeera (Alternative Source 1)</title>
<link>http://hd3.lsops.net/live/smil:aljazeer_ar_hls/playlist.m3u8</link>
</item>
</streaminginfo>

	<streaminginfo>
		<cname>Aljazeera</cname>

<item>
<title>Al Jazeera (Alternative Source 2)</title> 
<link>http://hd3.lsops.net/live/aljazeer_ar_372/playlist.m3u8</link>  
</item>
</streaminginfo>

	<streaminginfo>
		<cname>Aljazeera</cname>

<item>
<title>Al Jazeera (Alternative Source 3)</title>
<link>http://aljazeera-ara-apple-live.adaptive.level3.net/apple/aljazeera/arabic/160.m3u8</link>  
</item> 
</streaminginfo>



<streaminginfo>
		<cname>Aljazeera Mubasher</cname>


<item>  
<title>Al Jazeera Mubasher (Alternative Source 1)</title> 
<link>http://hd1.lsops.net/live/smil:aljamuba_ar_hls.smil/playlist.m3u8</link>  
</item>
</streaminginfo>


<streaminginfo>
		<cname>Aljazeera Mubasher</cname>
<item>
<title>Al Jazeera Mubasher (Alternative Source 2)</title>
<link>http://aljazeera-mubasher-apple-live.adaptive.level3.net/apple/aljazeera/mubasher/160.m3u8</link> 
</item>
</streaminginfo>

<streaminginfo>
		<cname>Aljazeera Mubasher Masr</cname>
<item>  
<title>Al Jazeera Mubasher MASR (Alternative Source 1)</title> 
<link>rtmp://aljamisr.lsops.net/live/ playpath=aljamisr_ar_485 swfUrl=http://static.ls-cdn.com/player/5.10/livestation-player.swf?1390660825 pageUrl=http://www.livestation.com/en/aljazeera-mubasher-misr
</link>
</item>
</streaminginfo>


<streaminginfo>
		<cname>Aljazeera Mubasher Masr</cname>
<item> 
<title>Al Jazeera Mubasher MASR(Alternative Source 2)</title> 
<link>http://aljazeera-mubasher-misr-apple-live.adaptive.level3.net/apple/aljazeera/mub-misr/160.m3u8</link>  
</item>
</streaminginfo>

<streaminginfo>
		<cname>Aljazeera Mubasher Masr</cname>
<item> 
<title>Al Jazeera Mubasher MASR(Alternative Source 3)</title> 
<link>rtmp://aljazeeraflashlivefs.fplive.net:1935/aljazeeraflashlive-live?videoId=1237551997001&lineUpId=&pubId=864352179001&playerId=1294374627001&affiliateId= playpath=aljazeera_misr_high?videoId=1237551997001&lineUpId=&pubId=864352179001&playerId=1294374627001&affiliateId= swfUrl=http://admin.brightcove.com/viewer/us20140123.0946/federatedVideoUI/BrightcovePlayer.swf?uid=1390706379776 pageUrl=http://mubasher-misr.aljazeera.net/livestream/</link>  
</item>
</streaminginfo>

<streaminginfo>
		<cname>Aljazeera Mubasher Masr</cname>
<item>  
<title>Al Jazeera Mubasher MASR (Alternative Source 4)</title> 
<link>http://hd1.lsops.net/live/smil:aljamisr_ar_hls.smil/playlist.m3u8</link>
</item> 
</streaminginfo>


<streaminginfo>
		<cname>Alarabiya</cname>

<item> 
<title>Alarabiya (Alternative Source)</title>
<link>http://livestream5.alarabiya.tv/i/live_1@141854/index_1_av-p.m3u8</link>  
</item>

</streaminginfo>


<streaminginfo>
		<cname>Alarabiya Ahdas</cname>
<item>  
<title>Alarabiya AHDASorHADAS (Alternative Source)</title>
<link>http://livestream2.alarabiya.tv/files/hadath.m3u8</link>  
</item>
</streaminginfo>



<streaminginfo>
		<cname>Al mayaden</cname>

<item>  
<title>Al Mayadeen (Alternative Source)</title>
<link>rtmp://livestreaming3.itworkscdn.net/mayadeenlive/ playpath=mayadsat swfUrl=http://www.almayadeen.net/content/jwplayer/jwplayer.flash.swf pageUrl=http://www.almayadeen.net/ar/Live swfVfy=true live=true timeout=live</link>  
</item>
</streaminginfo>

<streaminginfo>
		<cname>Al mayaden</cname>

<item> 
<title>Al Mayadeen (Alternative Source)</title>
<link>rtmp://hd2.lsops.net/live/ playpath=almayade_ar_485 swfUrl=http://static.ls-cdn.com/player/5.10/livestation-player.swf?1377945036 live=1 timeout=15 pageUrl=http://www.livestation.com/en/almayadeen/popout</link> 
</item>
</streaminginfo>

<streaminginfo>
		<cname>Al mayaden</cname>
<item> 
<title>Al Mayadeen (Alternative Source)</title>
<link>rtmp://livestreaming3.itworkscdn.net/mayadeenlive playpath=mayadsat swfUrl=http://www.almayadeen.net/content/jwplayer/jwplayer.flash.swf live=1 timeout=15 pageUrl=http://www.almayadeen.net/live</link>
</item>
</streaminginfo>


<streaminginfo>
		<cname>Al Hiwar</cname>
<item>
<title>Al Hiwar (Alternative Source)</title>
<link>rtmp://185.2.136.148/livepkgr playpath=livestream swfUrl=http://alhiwar.tv/tv/510/player.swf live=true timeout=15 pageUrl=http://translate.googleusercontent.com/translate_c?depth=1&hl=en&prev=/search%3Fq%3Dal%2Bhiwar%26biw%3D1366%26bih%3D615&rurl=translate.google.com&sl=ar&u=http://www.alhiwar.tv/&usg=ALkJrhhSMbPdHP5Qj4XnT0dmn-Nj_rubJg</link>
<thumbnail>http://www.lyngsat-logo.com/hires/aa/al_hiwar.png</thumbnail>
</item>
</streaminginfo>


<streaminginfo>
		<cname>Al Hiwar</cname>
<item> 
<title>Al Hiwar (Alternative Source)</title>
<link>rtmp://185.2.136.148/livepkgr/ playpath=livestream swfUrl=http://p.jwpcdn.com/6/7/jwplayer.flash.swf live=true timeout=15 pageUrl=http://www.alhiwar.tv/android.php</link>  
</item>
</streaminginfo>

<streaminginfo>
		<cname>Al Manar</cname>
<item>
<title>Al Manar (Alternative Source)</title>
<link>http://72.55.164.21:8000/live</link>
<thumbnail>http://jira.salamworld.com/wp-content/uploads/2012/11/AL-MANAR.jpg</thumbnail>
</item>
</streaminginfo>


<streaminginfo>
		<cname>Russia Alyaum</cname>
<item> 
<title>Russia Alyaum (Alternative Source)</title>
<link>rtmp://russiatoday.fms.visionip.tv/rt/Russia_al_yaum_1000k_1 app=rt/Russia_al_yaum_1000k_1 playpath=1000k_1 swfUrl=http://rt.com/s/swf/player.swf pageUrl=http://www.watchfomny.com/Video/Arabic/RusiyaAl-Yaum/RusiyaAl-Yaum.htm live=true swfVfy=true timeout=10</link>  
</item>
</streaminginfo>

<streaminginfo>
		<cname>Al Alam</cname>

<item>  
<title>Al Alam (Alternative Source)</title>
<link>http://hd6.lsops.net/live/alalam_ar_hls.smil/playlist.m3u8</link>  
</item>
</streaminginfo>


<streaminginfo>
		<cname>Al Alam</cname>

<item>
<title>Al Alam (Alternative Source)</title>
<link>rtmp://hd6.lsops.net/live/ playpath=alalam_ar_1428 swfUrl=http://static.ls-cdn.com/player/5.10/livestation-player.swf?1382096815 pageUrl=http://www.livestation.com/en/alalam</link>   
</item>
</streaminginfo>


<streaminginfo>
		<cname>Alekhbaria Syria</cname>
<item>
<title>Alekhbaria Syria (Alternative Source)</title>
<link>http://82.137.248.20:8134/hls-live/livepkgr/_definst_/liveevent/livestream3.m3u8</link>   
</item>
</streaminginfo>

<streaminginfo>
		<cname>Alan</cname>
<item>
<title>Al Aan (Alternative Source)</title>
<link>http://alaan_hls-lh.akamaihd.net/i/alaan_ar@103399/master.m3u8</link>   
</item>
</streaminginfo>


<streaminginfo>
		<cname>National Geo Ad</cname>
<item> 
<title>National Geo Ad (Alternative Source)</title>
<link>http://xnatgeoabudhabilivex.api.channel.livestream.com/3.0/playlist.m3u8</link>
</item>
</streaminginfo>

<streaminginfo>
		<cname>Aljazeera Doc</cname>
<item> 
<title>Al Jazeera Documentary (Alternative Source)</title>
<link>http://aljazeera-doc-apple-live.adaptive.level3.net/apple/aljazeera/hq-doc/stb.m3u8</link>  
</item>
</streaminginfo>

<streaminginfo>
		<cname>Aljazeera Doc</cname>
<item>
<title>Al Jazeera Documentary (Alternative Source)</title>
<link>rtmp://aljazeeraflashlivefs.fplive.net:1935/aljazeeraflashlive-live playpath=aljazeera_doc_high swfUrl="http://admin.brightcove.com/viewer/us1.25.04.00.2011-05-19124744/federatedVideoUI/BrightcovePlayer.swf" live=true</link> 
</item>
</streaminginfo>

<streaminginfo>
		<cname>Aljazeera Doc</cname>
<item>  
<title>Al Jazeera Documentary (Alternative Source)</title>
<link>rtmp://aljazeeraflashlivefs.fplive.net/aljazeeraflashlive-live/ playpath=aljazeera_doc_high swfUrl=http://arabichannels.com/player/player.swf?274354545150&arabichannels.com&copyright=2013&provider=rtmp&streamer=rtmp://arabichannels.com pageUrl=http://arabichannels.com/aljazeera_doc.php live=1 timeout=15 swfVfy=1 conn=S:OK</link>  
</item>
</streaminginfo>

<streaminginfo>
		<cname>MBC 1</cname>

<item>
<title>MBC (Alternative Source)</title>
<link>rtmp://206.190.138.68/live playpath=fregregerg?id=181857 conn=S:OK swfUrl=http://mips.tv/content/scripts/eplayer.swf live=true timeout=15 pageUrl=http://mips.tv/embedplayer/fregregerg/1/600/380</link>
<thumbnail>http://www.ilcode.com/photos/www.ilcode.com-mdubdqlswkxrchiaarxirdk-mbc.jpg</thumbnail>
</item>
</streaminginfo>


<streaminginfo>
		<cname>MBC Action</cname>

<item>
<title>MBC Action</title>
<link>rtmp://83.149.124.200/live playpath=EFEDFzddac?id=149861 conn=S:OK swfUrl=http://mips.tv/content/scripts/eplayer.swf live=true timeout=15 pageUrl=http://mips.tv/embedplayer/EFEDFzddac/1/600/380</link>
<thumbnail>http://upload.wikimedia.org/wikipedia/ar/3/37/MBC-Action.jpg</thumbnail>
</item>
</streaminginfo>

<streaminginfo>
		<cname>MBC 4</cname>

<item>
<title>MBC 4</title>
<link>rtmp://95.211.148.203/live playpath=trhtgfjhgjhg?id=147478 conn=S:OK swfUrl=http://mips.tv/content/scripts/eplayer.swf live=true timeout=15 pageUrl=http://mips.tv/embedplayer/trhtgfjhgjhg/1/600/380</link>
<thumbnail>https://si0.twimg.com/profile_images/1133002857/mbc4.jpg</thumbnail>
</item>
</streaminginfo>

<streaminginfo>
		<cname>MBC Bollywood</cname>
<item> 
<title>MBC Bollywood (Alternative Source)</title>
<link>rtmp://206.190.129.12/live playpath=aflam4youddd?id=152675 swfUrl=http://mips.tv/content/scripts/eplayer.swf live=1 conn=S:OK --live</link>
<thumbnail>http://www.waleg.com/images/mbc-bollywood.jpg</thumbnail>
</item>

<item>
<title>MBC Bollywood (Alternative)</title>
<link>rtmp://83.149.124.200/live playpath=aflam4youddd?id=152675 conn=S:OK swfUrl=http://www.mips.tv/content/scripts/eplayer.swf pageUrl=http://www.mips.tv/embedplayer/aflam4youddd/1/600/380  live=1 timeout=15</link> 
</item>
</streaminginfo>


<streaminginfo>
		<cname>Al-Nahar Drama</cname>
<item>  
<title>Al-Nahar Drama (Alternative Source) </title>
<link>rtmp://50.7.180.18/nahar1/alnahardrama.stream_480p</link>  
</item>
</streaminginfo>


<streaminginfo>
		<cname>Al-Nahar Drama</cname>
<item>  
<title>Al-Nahar Drama (Alternative Source)</title>
<link>rtmp://50.7.180.18/nahar1/alnahardrama.stream_720p app=nahar1 playPath=alnahardrama.stream_720p pageUrl=http://demos.streamtrix.com/alnahardrama/ swfUrl=http://demos.streamtrix.com/swf/flowplayer.commercial-3.2.15.swf</link>   
</item>
</streaminginfo>

<streaminginfo>
		<cname>Al Nahar</cname>
<item> 
<title>Al-Nahar (Alternative Source) </title>
<link>rtmp://50.7.180.18/nahar1/nahar1.stream_480p</link> 
</item>
</streaminginfo>

<streaminginfo>
		<cname>Aljadeed</cname>
<item> 
<title>Aljadeed (Alternative Source)</title>
<link>http://origin.etacdn.com/jadeedlive/smil:live.smil/chunklist_w1449481831_b525000.m3u8?nimblesessionid=124</link>  
</item>
</streaminginfo>

<streaminginfo>
		<cname>MTV</cname>

<item>
<title>MTVtitle>
<link>rtmp://livestreaming1.itworkscdn.net/mtvlive/murrtelevision_360p app=mtvlive playPath=murrtelevision_360p swfUrl=http://mtv.com.lb/Player/400/jwplayer.flash.swf pageUrl=http://mtv.com.lb/Player/600/400 swfVfy=true live=true timeout=10</link>
</item>
</streaminginfo>


<streaminginfo>
		<cname>Melody Drama</cname>

<item> 
<title>Melody Drama (Alternative Source)</title>
<link>http://38.96.148.24/MelodyDrama/MDrama_576p/playlist.m3u8</link>  
</item>
</streaminginfo>


<streaminginfo>
		<cname>Future TV</cname>
<item>
<title>Future TV (elahmad source)</title>
<link>rtmp://livestreaming2.itworkscdn.net/ftvlive/ playpath=ftvlive swfUrl=http://p.jwpcdn.com/6/6/jwplayer.flash.swf pageUrl=http://itworks-me.net/ftvent/index.html timeout=15 live=1 swfvfy=1</link> 
</item>
</streaminginfo>


<streaminginfo>
		<cname>Sama Syria</cname>
<item>
<title>Sama Syria (Alternative Source)</title>
<link>rtmp://sama-tv.net/live playpath=samatv swfUrl=http://www.addounia.tv/live/player.swf live=true timeout=15 pageUrl=http://www.addounia.tv/index.php?page=live</link>  
</item>
</streaminginfo>

<streaminginfo>
		<cname>CBC Tv</cname>
<item>
<title>CBC Tv (Alternative Source)</title>
<link>http://iphone-streaming.ustream.tv/ustreamVideo/8707800/streams/live/playlist.m3u8</link>
</item>
</streaminginfo>


<streaminginfo>
		<cname>CBC 2</cname>

<item>
<title>CBC two (2)</title>
<link>plugin://plugin.video.youtube/?action=play_video&amp;videoid=5iThT5XrzLM</link>
</item>
</streaminginfo>

<streaminginfo>
		<cname>CBC +2</cname>
<item> 
<title>CBC +2 (Alternative Source)</title>
<link>http://iphone-streaming.ustream.tv/ustreamVideo/12794820/streams/live/playlist.m3u8</link> 
</item>
</streaminginfo>

<streaminginfo>
		<cname>Dubai</cname>
<item> 
<title>Dubai (Alternative Source)</title>
<link>rtsp://wms03.endavomedia.com:1935/dmi/_definst_/dmilivedubaitv_bb.stream</link>
</item>
</streaminginfo>

<streaminginfo>
		<cname>Dubai</cname>
<item> 
<title>Dubai (Alternative Source)</title>
<link>rtmp://dmiLiveDubaiTV.flash.internapcdn.net/ app=dmiLiveDubaiTV/live_1 playpath=dmilivedubaitv_4 swfUrl=http://vod.dmi.ae/bundles/endavoenhance/js/lib/jwplayer/jwplayer.flash.swf live=true timeout=15 pageUrl=http://vod.dmi.ae/jwplayer/player16.php?width=630&height=461&channel=dubaitv</link>   
</item> 
</streaminginfo>

<streaminginfo>
		<cname>Sama Dubai</cname>
<item>  
<title>Sama Dubai (Alternative Source)</title>
<link>rtsp://wms03.endavomedia.com:1935/dmi/_definst_/dmilivesamadubai_bb.stream</link>   
</item>
</streaminginfo>

<streaminginfo>
		<cname>Sama Dubai</cname>
<item> 
<title>Sama Dubai (Alternative Source)</title>
<link>rtmp://dmiLiveSamaDubai.flash.internapcdn.net/ app=dmiLiveSamaDubai/live_1 playpath=dmilivesamadubai_3 swfUrl=http://vod.dmi.ae/bundles/endavoenhance/js/lib/jwplayer/jwplayer.flash.swf live=true timeout=15 pageUrl=http://vod.dmi.ae/jwplayer/player16.php?width=630&height=461&channel=samadubai</link>  
</item>
</streaminginfo>

<streaminginfo>
		<cname>Fatafeat</cname>
<item> 
<title>Fatafeat (Alternative Source)</title>
<link>http://212.179.77.42/live/livestream3/gmswf.m3u8</link>  
</item>
</streaminginfo>

<streaminginfo>
		<cname>LBC Europe</cname>
<item>
<title>Lbc Europe (Alternative Source)</title>
<link>rtmp://livestreaming.itworkscdn.net/lbclive/lbc_1 playpath=lbc_1 swfUrl=http://www.lbcgroup.tv/livemedia4/jwplayer.flash.swf live=1 pageUrl=http://www.lbcgroup.tv/watch-lbci-live</link>  
</item>
</streaminginfo>

<streaminginfo>
		<cname>LBC Europe</cname>
<item>  
<title>Lbc Europe (Alternative Source)</title>
<link>rtmp://livestreaming.itworkscdn.net/lbclive playpath=lbc_1 swfUrl=http://www.lbcgroup.tv/livemedia4/jwplayer.flash.swf pageUrl=http://www.lbcgroup.tv/watch-lbci-live</link>  
</item>
</streaminginfo>

<streaminginfo>
		<cname>Infinity</cname>
<item>
<title>Infinity Low Filmonsource</title>
<link>rtmp://$doregex[url] app=live/$doregex[key] playpath=1766.low.stream swfUrl=http://www.filmon.com/tv/modules/FilmOnTV/files/flashapp/filmon/FilmonPlayer.swf pageUrl=http://www.filmon.com live=true timeout=15</link>
   <regex>
     <name>url</name>
     <expres>rtmp:....([^\\]*)</expres>
     <page>http://www.filmon.com/tv/channel/export?channel_id=1766</page>
   </regex>
   <regex>
     <name>key</name>
     <expres>rtmp[^?]*(\?id=[^"]*)</expres>
     <page>http://www.filmon.com/tv/channel/export?channel_id=1766</page>
   </regex>
<thumbnail>http://twofour54.com/media/thumbnail/partner-main/26aa74992bfff151940aa4c6079fafe4/20111117_infinity-1-Logo.png</thumbnail>
</item>
</streaminginfo>

<streaminginfo>
		<cname>Infinity</cname>
<item>
<title>Infinity high Filmon Source</title>
<link>rtmp://$doregex[url] app=live/$doregex[key] playpath=1766.high.stream swfUrl=http://www.filmon.com/tv/modules/FilmOnTV/files/flashapp/filmon/FilmonPlayer.swf pageUrl=http://www.filmon.com live=true timeout=15</link>
   <regex>
     <name>url</name>
     <expres>rtmp:....([^\\]*)</expres>
     <page>http://www.filmon.com/tv/channel/export?channel_id=1766</page>
   </regex>
   <regex>
     <name>key</name>
     <expres>rtmp[^?]*(\?id=[^"]*)</expres>
     <page>http://www.filmon.com/tv/channel/export?channel_id=1766</page>
   </regex>
<thumbnail>http://twofour54.com/media/thumbnail/partner-main/26aa74992bfff151940aa4c6079fafe4/20111117_infinity-1-Logo.png</thumbnail>
</item>
</streaminginfo>

<streaminginfo>
		<cname>Rotana Aflam</cname>
<item>
<title>Rotana Aflam LOW(FILMON SOURCE)</title>
<link>rtmp://$doregex[url] app=live/$doregex[key] playpath=2618.low.stream swfUrl=http://www.filmon.com/tv/modules/FilmOnTV/files/flashapp/filmon/FilmonPlayer.swf pageUrl=http://www.filmon.com live=true timeout=15</link>
   <regex>
     <name>url</name>
     <expres>rtmp:....([^\\]*)</expres>
     <page>http://www.filmon.com/tv/channel/export?channel_id=2618</page>
   </regex>
   <regex>
     <name>key</name>
     <expres>rtmp[^?]*(\?id=[^"]*)</expres>
     <page>http://www.filmon.com/tv/channel/export?channel_id=2618</page>
   </regex>
<thumbnail>http://3alkanaba.com/uploads/channels/501ec_Aflam_rotana_242.jpg</thumbnail>
</item>
</streaminginfo>

<streaminginfo>
		<cname>Rotana Aflam</cname>
<item>
<title>Rotana Aflam HIGH (FILMON SOURCE)</title>
<link>rtmp://$doregex[url] app=live/$doregex[key] playpath=2618.high.stream swfUrl=http://www.filmon.com/tv/modules/FilmOnTV/files/flashapp/filmon/FilmonPlayer.swf pageUrl=http://www.filmon.com live=true timeout=15</link>
   <regex>
     <name>url</name>
     <expres>rtmp:....([^\\]*)</expres>
     <page>http://www.filmon.com/tv/channel/export?channel_id=2618</page>
   </regex>
   <regex>
     <name>key</name>
     <expres>rtmp[^?]*(\?id=[^"]*)</expres>
     <page>http://www.filmon.com/tv/channel/export?channel_id=2618</page>
   </regex>
<thumbnail>http://3alkanaba.com/uploads/channels/501ec_Aflam_rotana_242.jpg</thumbnail>
</item>
</streaminginfo>

<streaminginfo>
		<cname>Rotana Cinema</cname>
<item>
<title>Rotana Cinema LOW(FILMON SOURCE)</title>
<link>rtmp://$doregex[url] app=live/$doregex[key] playpath=2615.low.stream swfUrl=http://www.filmon.com/tv/modules/FilmOnTV/files/flashapp/filmon/FilmonPlayer.swf pageUrl=http://www.filmon.com live=true timeout=15</link>
   <regex>
     <name>url</name>
     <expres>rtmp:....([^\\]*)</expres>
     <page>http://www.filmon.com/tv/channel/export?channel_id=2615</page>
   </regex>
   <regex>
     <name>key</name>
     <expres>rtmp[^?]*(\?id=[^"]*)</expres>
     <page>http://www.filmon.com/tv/channel/export?channel_id=2615</page>
   </regex>
<thumbnail>http://tv-online.in/wp-content/uploads/2012/12/Rotana-Cinema-tv.jpg</thumbnail>
</item>
</streaminginfo>

<streaminginfo>
		<cname>Rotana Cinema</cname>
<item>
<title>Rotana Cinema HIGH(FILMON SOURCE)</title>
<link>rtmp://$doregex[url] app=live/$doregex[key] playpath=2615.high.stream swfUrl=http://www.filmon.com/tv/modules/FilmOnTV/files/flashapp/filmon/FilmonPlayer.swf pageUrl=http://www.filmon.com live=true timeout=15</link>
   <regex>
     <name>url</name>
     <expres>rtmp:....([^\\]*)</expres>
     <page>http://www.filmon.com/tv/channel/export?channel_id=2615</page>
   </regex>
   <regex>
     <name>key</name>
     <expres>rtmp[^?]*(\?id=[^"]*)</expres>
     <page>http://www.filmon.com/tv/channel/export?channel_id=2615</page>
   </regex>
<thumbnail>http://tv-online.in/wp-content/uploads/2012/12/Rotana-Cinema-tv.jpg</thumbnail>
</item>
</streaminginfo>

<streaminginfo>
		<cname>Rotana Classic</cname>

<item>
<title>Rotana Classic LOW(FILMON SOURCE)</title>
<link>rtmp://$doregex[url] app=live/$doregex[key] playpath=2609.low.stream swfUrl=http://www.filmon.com/tv/modules/FilmOnTV/files/flashapp/filmon/FilmonPlayer.swf pageUrl=http://www.filmon.com live=true timeout=15</link>
   <regex>
     <name>url</name>
     <expres>rtmp:....([^\\]*)</expres>
     <page>http://www.filmon.com/tv/channel/export?channel_id=2609</page>
   </regex>
   <regex>
     <name>key</name>
     <expres>rtmp[^?]*(\?id=[^"]*)</expres>
     <page>http://www.filmon.com/tv/channel/export?channel_id=2609</page>
   </regex>
<thumbnail>http://4.bp.blogspot.com/-To19LCENgNw/T5b78zj06PI/AAAAAAAAASQ/4ppgQO6XRv0/s1600/Rotana+Classic.jpg</thumbnail>
</item>
</streaminginfo>

<streaminginfo>
		<cname>Rotana Classic</cname>
<item>
<title>Rotana Classic HIGH(FILMON SOURCE)</title>
<link>rtmp://$doregex[url] app=live/$doregex[key] playpath=2609.high.stream swfUrl=http://www.filmon.com/tv/modules/FilmOnTV/files/flashapp/filmon/FilmonPlayer.swf pageUrl=http://www.filmon.com live=true timeout=15</link>
   <regex>
     <name>url</name>
     <expres>rtmp:....([^\\]*)</expres>
     <page>http://www.filmon.com/tv/channel/export?channel_id=2609</page>
   </regex>
   <regex>
     <name>key</name>
     <expres>rtmp[^?]*(\?id=[^"]*)</expres>
     <page>http://www.filmon.com/tv/channel/export?channel_id=2609</page>
   </regex>
<thumbnail>http://4.bp.blogspot.com/-To19LCENgNw/T5b78zj06PI/AAAAAAAAASQ/4ppgQO6XRv0/s1600/Rotana+Classic.jpg</thumbnail>
</item>
</streaminginfo>

<streaminginfo>
		<cname>Melody Aflem</cname>
<item> 
<title>Melody Aflam (Alternative Source)</title>
<link>rtmp://38.96.148.24/MelodyAflam playpath=MAflam_576p swfUrl=http://www.melody.net/flowplayer/flowplayer.commercial-3.2.16.swf pageUrl=http://www.melody.net/pages/view/id/1 live=1 timeout=15</link>  
</item>
</streaminginfo>

<streaminginfo>
		<cname>Melody Classic</cname>
<item> 
<title>Melody Classic (Alternative Source)</title>
<link>rtmp://38.96.148.24/MelodyClassic playpath=MClassic_576p swfUrl=http://www.melody.net/flowplayer/flowplayer.commercial-3.2.16.swf live=1 pageUrl=http://www.melody.net/halilou.com live=1 timeout=15</link> 
</item>
</streaminginfo>

<streaminginfo>
		<cname>OSN Ar</cname>
<item>
<title>OSN 1-Ar</title>
<link>http://212.68.33.139:8001</link>
</item>
</streaminginfo>

<streaminginfo>
		<cname>OSN EN</cname>

<item>
<title>OSN 2-En</title>
<link>http://212.68.33.139:8000</link>
</item>
</streaminginfo>


<streaminginfo>
		<cname>Cinema EN</cname>
<item>
<title>Cinema-En</title>
<link>http://212.68.33.139:8003</link>
</item>
</streaminginfo>

<streaminginfo>
		<cname>Panorama film</cname>
<item>
<title>Panorama film</title>
<link>http://4.31.30.145:9075</link>
</item>
</streaminginfo>

<streaminginfo>
		<cname>Time cinema</cname>
<item>
<title>Time cinema</title>
<link>http://4.31.30.145:9062</link>
</item>
</streaminginfo>

<streaminginfo>
		<cname>Alhayat Cinema</cname>

<item>
<title>Alhayat Cinema</title>
<link>http://4.31.30.145:9067</link>
</item>
</streaminginfo>


<streaminginfo>
		<cname>Rotana Masriya</cname>
<item>
<title>Rotana Masyria (FILMON SOURCE)</title>
<link>rtmp://$doregex[url] app=live/$doregex[key] playpath=2612.low.stream swfUrl=http://www.filmon.com/tv/modules/FilmOnTV/files/flashapp/filmon/FilmonPlayer.swf pageUrl=http://www.filmon.com live=true timeout=15</link>
   <regex>
     <name>url</name>
     <expres>rtmp:....([^\\]*)</expres>
     <page>http://www.filmon.com/tv/channel/export?channel_id=2612</page>
   </regex>
   <regex>
     <name>key</name>
     <expres>rtmp[^?]*(\?id=[^"]*)</expres>
     <page>http://www.filmon.com/tv/channel/export?channel_id=2612</page>
   </regex>
<thumbnail>http://www.lyngsat-logo.com/hires/rr/rotana_masriya.png</thumbnail>
</item>
</streaminginfo>

<streaminginfo>
		<cname>Rotana Clip</cname>
<item>
<title>Rotana Clip LOW (FILMON SOURCE)</title>
<link>rtmp://$doregex[url] app=live/$doregex[key] playpath=2603.low.stream swfUrl=http://www.filmon.com/tv/modules/FilmOnTV/files/flashapp/filmon/FilmonPlayer.swf pageUrl=http://www.filmon.com live=true timeout=15</link>
   <regex>
     <name>url</name>
     <expres>rtmp:....([^\\]*)</expres>
     <page>http://www.filmon.com/tv/channel/export?channel_id=2603</page>
   </regex>
   <regex>
     <name>key</name>
     <expres>rtmp[^?]*(\?id=[^"]*)</expres>
     <page>http://www.filmon.com/tv/channel/export?channel_id=2603</page>
   </regex>
<thumbnail>http://www.lyngsat-logo.com/hires/rr/rotana_clip.png</thumbnail>
</item>
</streaminginfo>


<streaminginfo>
		<cname>Rotana Clip</cname>
<item>
<title>Rotana Clip HIGH (FILMON SOURCE)</title>
<link>rtmp://$doregex[url] app=live/$doregex[key] playpath=2603.high.stream swfUrl=http://www.filmon.com/tv/modules/FilmOnTV/files/flashapp/filmon/FilmonPlayer.swf pageUrl=http://www.filmon.com live=true timeout=15</link>
   <regex>
     <name>url</name>
     <expres>rtmp:....([^\\]*)</expres>
     <page>http://www.filmon.com/tv/channel/export?channel_id=2603</page>
   </regex>
   <regex>
     <name>key</name>
     <expres>rtmp[^?]*(\?id=[^"]*)</expres>
     <page>http://www.filmon.com/tv/channel/export?channel_id=2603</page>
   </regex>
<thumbnail>http://www.lyngsat-logo.com/hires/rr/rotana_clip.png</thumbnail>
</item>
</streaminginfo>

<streaminginfo>
		<cname>Rotana Music</cname>
<item>
<title>Rotana Music LOW(FILMON SOURCE)</title>
<link>rtmp://$doregex[url] app=live/$doregex[key] playpath=2600.low.stream swfUrl=http://www.filmon.com/tv/modules/FilmOnTV/files/flashapp/filmon/FilmonPlayer.swf pageUrl=http://www.filmon.com live=true timeout=15</link>
   <regex>
     <name>url</name>
     <expres>rtmp:....([^\\]*)</expres>
     <page>http://www.filmon.com/tv/channel/export?channel_id=2600</page>
   </regex>
   <regex>
     <name>key</name>
     <expres>rtmp[^?]*(\?id=[^"]*)</expres>
     <page>http://www.filmon.com/tv/channel/export?channel_id=2600</page>
   </regex>
<thumbnail>http://www.lyngsat-logo.com/hires/rr/rotana.png</thumbnail>
</item>
</streaminginfo>

<streaminginfo>
		<cname>Rotana Music</cname>
<item>
<title>Rotana Music HIGH(FILMON SOURCE)</title>
<link>rtmp://$doregex[url] app=live/$doregex[key] playpath=2600.high.stream swfUrl=http://www.filmon.com/tv/modules/FilmOnTV/files/flashapp/filmon/FilmonPlayer.swf pageUrl=http://www.filmon.com live=true timeout=15</link>
   <regex>
     <name>url</name>
     <expres>rtmp:....([^\\]*)</expres>
     <page>http://www.filmon.com/tv/channel/export?channel_id=2600</page>
   </regex>
   <regex>
     <name>key</name>
     <expres>rtmp[^?]*(\?id=[^"]*)</expres>
     <page>http://www.filmon.com/tv/channel/export?channel_id=2600</page>
   </regex>
<thumbnail>http://www.lyngsat-logo.com/hires/rr/rotana.png</thumbnail>
</item>
</streaminginfo>

<streaminginfo>
		<cname>Rotana Khaligi</cname>
<item>
<title>Rotana Khalijia low(FILMON SOURCE)</title>
<link>rtmp://$doregex[url] app=live/$doregex[key] playpath=2606.low.stream swfUrl=http://www.filmon.com/tv/modules/FilmOnTV/files/flashapp/filmon/FilmonPlayer.swf pageUrl=http://www.filmon.com live=true timeout=15</link>
   <regex>
     <name>url</name>
     <expres>rtmp:....([^\\]*)</expres>
     <page>http://www.filmon.com/tv/channel/export?channel_id=2606</page>
   </regex>
   <regex>
     <name>key</name>
     <expres>rtmp[^?]*(\?id=[^"]*)</expres>
     <page>http://www.filmon.com/tv/channel/export?channel_id=2606</page>
   </regex>
<thumbnail>http://www.preone0.com/emc/wp-content/uploads/2012/12/Rotana-Khalijia-Logo-copy-1024x731.png</thumbnail>
</item>
</streaminginfo>

<streaminginfo>
		<cname>Rotana Khaligi</cname>
<item>
<title>Rotana Khalijia High(FILMON SOURCE)</title>
<link>rtmp://$doregex[url] app=live/$doregex[key] playpath=2606.high.stream swfUrl=http://www.filmon.com/tv/modules/FilmOnTV/files/flashapp/filmon/FilmonPlayer.swf pageUrl=http://www.filmon.com live=true timeout=15</link>
   <regex>
     <name>url</name>
     <expres>rtmp:....([^\\]*)</expres>
     <page>http://www.filmon.com/tv/channel/export?channel_id=2606</page>
   </regex>
   <regex>
     <name>key</name>
     <expres>rtmp[^?]*(\?id=[^"]*)</expres>
     <page>http://www.filmon.com/tv/channel/export?channel_id=2606</page>
   </regex>
<thumbnail>http://www.preone0.com/emc/wp-content/uploads/2012/12/Rotana-Khalijia-Logo-copy-1024x731.png</thumbnail>
</item>
</streaminginfo>

<streaminginfo>
		<cname>2M</cname>
<item>  
<title>2M (Alternative Source)</title>
<link>rtmp://50.23.65.36/live playpath=fezfezaf?id=149849 swfUrl=http://www.mips.tv/content/scripts/eplayer.swf pageUrl=http://www.mips.tv/embedplayer/fezfezaf/1/600/380  conn=S:OK live=1 timeout=15</link> 
</item>
</streaminginfo>

<streaminginfo>
		<cname>Dubai Sport 1</cname>
<item>
<title>Dubai Sports low FILMON source</title>
<link>rtmp://$doregex[url] app=live/$doregex[key] playpath=79.low.stream swfUrl=http://www.filmon.com/tv/modules/FilmOnTV/files/flashapp/filmon/FilmonPlayer.swf pageUrl=http://www.filmon.com live=true timeout=15</link>
   <regex>
     <name>url</name>
     <expres>rtmp:....([^\\]*)</expres>
     <page>http://www.filmon.com/tv/channel/export?channel_id=79</page>
   </regex>
   <regex>
     <name>key</name>
     <expres>rtmp[^?]*(\?id=[^"]*)</expres>
     <page>http://www.filmon.com/tv/channel/export?channel_id=79</page>
   </regex>
<thumbnail>http://upload.wikimedia.org/wikipedia/en/thumb/d/d2/Abu_dhabi_sports.png/150px-Abu_dhabi_sports.png</thumbnail>
</item>
</streaminginfo>


<streaminginfo>
		<cname>Abu Dhabi Sports 1</cname>
<item>
<title>Abu Dubai Sports high Filmon source</title>
<link>rtmp://$doregex[url] app=live/$doregex[key] playpath=79.high.stream swfUrl=http://www.filmon.com/tv/modules/FilmOnTV/files/flashapp/filmon/FilmonPlayer.swf pageUrl=http://www.filmon.com live=true timeout=15</link>
   <regex>
     <name>url</name>
     <expres>rtmp:....([^\\]*)</expres>
     <page>http://www.filmon.com/tv/channel/export?channel_id=79</page>
   </regex>
   <regex>
     <name>key</name>
     <expres>rtmp[^?]*(\?id=[^"]*)</expres>
     <page>http://www.filmon.com/tv/channel/export?channel_id=79</page>
   </regex>
<thumbnail>http://upload.wikimedia.org/wikipedia/en/thumb/d/d2/Abu_dhabi_sports.png/150px-Abu_dhabi_sports.png</thumbnail>
</item>
</streaminginfo>




<streaminginfo>
		<cname>BEIN US</cname>

<item>
<title>BEIN USA HD 720p</title>
<link>rtmp://beinsportgeolivefs.fplive.net:1935/beinsportgeolive-live playpath=beinsport_eng_4 swfurl=http://sportsinfonet.info/player/Player.swf live=true timeout=15 pageurl=http://sportsinfonet.info/beinsports.php?n=beinsport_eng_4&vw;=650&vh;=450</link>
</item>
</streaminginfo>

<streaminginfo>
		<cname>BEIN ESP</cname>
<item>
<title>BEIN SPANISH HD 720p</title>
<link>rtmp://beinsportgeolivefs.fplive.net:1935/beinsportgeolive-live playpath=beinsport_spa_4 swfurl=http://sportsinfonet.info/player/Player.swf live=true timeout=15 pageurl=http://sportsinfonet.info/beinsports.php?n=beinsport_spa_4&vw;=650&vh;=450</link>
</item>
</streaminginfo>


</streamingInfos>


