<streamingInfos>
<streaminginfo>
	<cname>Al Tunisia</cname>
	<item>
	<title>tunisie14.tn</title>
	<link>rtmpe://178.33.122.201:1935/teledunet?idu=ahmedbh/al_tunisia swfUrl=http://static2.sawlive.tv/player.swf pageUrl=http://tunisie14.tn/media/television-tunisienne/ettounsiya-tv live=1 timeout=20</link>
	</item>
</streaminginfo>

<streaminginfo>
	<cname>ZDF</cname>
	<item>
	<title>edge1.stream-server</title>
	<link>rtmp://edge1.stream-server.org/livestv/ playpath=zdf.stream swfUrl=http://stream.live-stream.tv/player.php live=1 pageUrl=http://www.live-stream.tv/online/fernsehen/zdf.html timeout=20</link>
        </item>
	
</streaminginfo>

<streaminginfo>
	<cname>Tunisia national 1</cname>
	<item>
	<title>streaminghd</title>
	<link>rtmp://41.231.53.11:8888/thd/ playpath=nat1 swfUrl=http://www.streaminghd.tn/video/player.swf?random=457216235 live=1 pageUrl=http://streaminghd.tn/index.php/watanya-1.html timeout=20</link>
	</item>
</streaminginfo>
<streaminginfo>
	<cname>Tunisia national 2</cname>
	<item>
	<title>streaminghd</title>
	<link>rtmp://41.231.53.11:8888/thd/ playpath=nat2 swfUrl=http://www.streaminghd.tn/video/player.swf?random=457216235 live=1 pageUrl=http://streaminghd.tn/index.php/watanya-2.html timeout=20</link>
	</item>
</streaminginfo>
	
<streaminginfo>
	<cname>First TV</cname>
	<item>
	<title>streaminghd</title>
	<link>rtmp://41.231.53.11:8888/thd/ playpath=first swfUrl=http://www.streaminghd.tn/video/player.swf?random=457216235 live=1 pageUrl=http://streaminghd.tn/index.php/first-tv.html timeout=20</link>
	</item>
</streaminginfo>
	
<streaminginfo>
		<cname>CBC Sofra</cname>
		<item>
		<title>youtube</title>
		<link>plugin://plugin.video.youtube/?action=play_video&amp;videoid=jgjneBqkrKU</link>
		</item>
</streaminginfo>
<streaminginfo>
     <cname>Maroc</cname>
	<item>
	<title>France Maghreb</title>
	<link>http://46.105.45.216:8000</link>
	</item>
</streaminginfo>

<streaminginfo>
     <cname>Maroc</cname>
	<item>
	<title>Marrakech</title>
	<link>http://91.121.4.107:8000/radio_plus_marrakech.mp3</link>
	</item>
</streaminginfo>
<streaminginfo>
     <cname>Maroc</cname>
	<item>
	<title>Rabat Tamazight</title>
	<link>http://mp3lg4.tdf-cdn.com/9079/jet_143844.mp3</link>
	</item>
</streaminginfo>

<streaminginfo>
     <cname>Maroc</cname>
	<item>
	<title>Atlantic</title>
	<link>http://68.168.117.130:8000/</link>
	</item>
</streaminginfo>


<streaminginfo>
     <cname>Algerie</cname>
	<item>
	<title>Dzair Orientale</title>
	<link>http://radio-algeria.com:8006/stream/1</link>
	</item>
</streaminginfo>
<streaminginfo>
     <cname>Algerie</cname>
	<item>
	<title>Dzair  Chaabia</title>
	<link>http://radio-algeria.com:8012/stream/1</link>
	</item>
</streaminginfo>
<streaminginfo>
     <cname>Algerie</cname>
	<item>
	<title>Radio Dzair</title>
	<link>http://radio-dzair.net:8000</link>
	</item>
</streaminginfo>
<streaminginfo>
     <cname>Maroc</cname>
	<item>
	<title>Medina FM</title>
	<link>http://medinafm.ice.infomaniak.ch/medinafm-64.mp3</link>
	</item>
</streaminginfo>

<streaminginfo>
     <cname>Maroc</cname>
	<item>
	<title>Casablanca</title>
	<link>http://streaming.radionomy.com/RadioWebma-Casablanca</link>
	</item>
</streaminginfo>
<streaminginfo>
     <cname>Maroc</cname>
	<item>
	<title>Rabat</title>
	<link>http://mp3lg4.tdf-cdn.com/9080/jet_144136.mp3</link>
	</item>
</streaminginfo>
<streaminginfo>
     <cname>Maroc</cname>
	<item>
	<title>Aswat</title>
	<link>http://broadcaster.infomaniak.ch/aswat-high.mp3</link>
	</item>
</streaminginfo>

<streaminginfo>
     <cname>Maroc</cname>
	<item>
	<title>Tamazight</title>
	<link>http://37.58.75.162:8222/</link>
	</item>
</streaminginfo>

<streaminginfo>
     <cname>Maroc</cname>
	<item>
	<title>Radio 2M</title>
	<link>http://mp3lg4.tdf-cdn.com/9033/jet_121413.mp3</link>
	</item>
</streaminginfo>

<streaminginfo>
     <cname>Maroc</cname>
	<item>
	<title>Yabiladi</title>
	<link>http://media.yabiladi.com:8000</link>
	</item>
</streaminginfo>

<streaminginfo>
     <cname>Maroc</cname>
	<item>
	<title>Yabiladi Chaabi</title>
	<link>http://media.yabiladi.com:8100</link>
	</item>
</streaminginfo>

<streaminginfo>
     <cname>Maroc</cname>
	<item>
	<title>Yabiladi Tamazight</title>
	<link>http://media.yabiladi.com:9000</link>
	</item>
</streaminginfo>
<streaminginfo>
     <cname>Maroc</cname>
	<item>
	<title>Yabiladi Urban</title>
	<link>http://media.yabiladi.com:9100</link>
	</item>
</streaminginfo>

<streaminginfo>
     <cname>Maroc</cname>
	<item>
	<title>Chada FM</title>
	<link>http://broadcast.infomaniak.net/chadafm-high.mp3</link>
	</item>
</streaminginfo>
<streaminginfo>
     <cname>Maroc</cname>
	<item>
	<title>Medi1</title>
	<link>http://streaming07.mit.ovea.com/medi1</link>
	</item>
</streaminginfo>
<streaminginfo>
     <cname>Safa</cname>
	<item>
	<title>Low</title>
	<link>http://50.7.131.42:1935/safa/smil:safa-smil.smil/chunklist_w1889871104_b632768.m3u8</link>
	</item>
</streaminginfo>
<streaminginfo>
     <cname>Safa</cname>
	<item>
	<title>Med</title>
	<link>http://50.7.131.42:1935/safa/smil:safa-smil.smil/chunklist_w1889871104_b632768.m3u8</link>
	</item>
</streaminginfo>
<streaminginfo>
     <cname>Safa</cname>
	<item>
	<title>High</title>
	<link>http://50.7.131.42:1935/safa/smil:safa-smil.smil/chunklist_w1889871104_b1875968.m3u8</link>
	</item>
</streaminginfo>
<streaminginfo>
     <cname>Quran Radio</cname>
	<item>
	<title>Ali Jaber Radio</title>
	<link>mms://50.22.223.13/a_jbr</link>
	</item>
</streaminginfo>

<streaminginfo>
     <cname>Quran Radio</cname>
	<item>
	<title>Mohammad Jibreel Radio</title>
	<link>mms://50.22.223.13/jbrl</link>
	</item>
</streaminginfo>

<streaminginfo>
     <cname>Quran Radio</cname>
	<item>
	<title>Mahmoud Khalil Al-Hussary Radio</title>
	<link>mms://50.22.223.13/husr</link>
	</item>
</streaminginfo>

<streaminginfo>
     <cname>Quran Radio</cname>
	<item>
	<title>Mohammad Ayyub Radio</title>
	<link>mms://50.22.223.13/ayyub</link>
	</item>
</streaminginfo>

<streaminginfo>
     <cname>Quran Radio</cname>
	<item>
	<title>Abdulbasit Abdulsamad Warsh A'n Nafi'</title>
	<link>mms://50.22.223.13/basit_warsh</link>
	</item>
</streaminginfo>

<streaminginfo>
     <cname>Quran Radio</cname>
	<item>
	<title>Abdullah Basfer</title>
	<link>mms://50.22.223.13/bsfr</link>
	</item>
</streaminginfo>

<streaminginfo>
     <cname>Quran Radio</cname>
	<item>
	<title>Saber Abdulhakm Radio</title>
	<link>mms://50.22.223.13/hkm</link>
	</item>
</streaminginfo>

<streaminginfo>
     <cname>Quran Radio</cname>
	<item>
	<title>Jamaan Alosaimi Radio</title>
	<link>mms://50.22.223.13/jaman</link>
	</item>
</streaminginfo>

<streaminginfo>
     <cname>Quran Radio</cname>
	<item>
	<title>Abduulah Kayyat</title>
	<link>mms://50.22.223.13/kyat</link>
	</item>
</streaminginfo>

<streaminginfo>
     <cname>Quran Radio</cname>
	<item>
	<title>Ibrahim Al-Akder</title>
	<link>mms://50.22.223.13/akdr</link>
	</item>
</streaminginfo>
<streaminginfo>
     <cname>Quran Radio</cname>
	<item>
	<title>Abdullah Aljohani</title>
	<link>mms://50.22.223.13/jhn</link>
	</item>
</streaminginfo>


<streaminginfo>
     <cname>Quran Radio</cname>
	<item>
	<title>Saud Al-Shuraim Radio</title>
	<link>mms://50.22.223.13/shur</link>
	</item>
</streaminginfo>

<streaminginfo>
     <cname>Quran Radio</cname>
	<item>
	<title>Yasser Al-Dosari Radio</title>
	<link>mms://50.22.223.13/yasser</link>
	</item>
</streaminginfo>
<streaminginfo>
     <cname>Quran Radio</cname>
	<item>
	<title>Mishary Al Afasi Radio</title>
	<link>mms://50.22.223.13/afs</link>
	</item>
</streaminginfo>

<streaminginfo>
     <cname>Quran Radio</cname>
	<item>
	<title>Abdulbasit Abdulsamad Radio</title>
	<link>mms://50.22.223.13/basit</link>
	</item>
</streaminginfo>
<streaminginfo>
     <cname>Quran Radio</cname>
	<item>
	<title>Nasser Alqatami Radio</title>
	<link>mms://50.22.223.13/qtm</link>
	</item>
</streaminginfo>

<streaminginfo>
     <cname>Quran Radio</cname>
	<item>
	<title>Mohammed Siddiq Al-Minshawi Radio</title>
	<link>mms://50.22.223.13/minsh</link>
	</item>
</streaminginfo>


<streaminginfo>
     <cname>Quran Radio</cname>
	<item>
	<title>Saad Al-Ghamdi Radio</title>
	<link>mms://50.22.223.13/s_gmd</link>
	</item>
</streaminginfo>


<streaminginfo>
     <cname>Quran Radio</cname>
	<item>
	<title>Abdulbasit Abdulsamad - MJAWOAD Radio</title>
	<link>mms://50.22.223.13/basit_mjwd</link>
	</item>
</streaminginfo>

<streaminginfo>
     <cname>Quran Radio</cname>
	<item>
	<title>Khaled Al-Qahtani Radio</title>
	<link>mms://50.22.223.13/qht</link>
	</item>
</streaminginfo>

<streaminginfo>
     <cname>Quran Radio</cname>
	<item>
	<title>Fares Abbad Radio</title>
	<link>mms://50.22.223.13/frs_a</link>
	</item>
</streaminginfo>
<streaminginfo>
     <cname>Quran Radio</cname>
	<item>
	<title>Idrees Abkr Radio</title>
	<link>mms://50.22.223.13/abkr</link>
	</item>
</streaminginfo>

<streaminginfo>
     <cname>Quran Radio</cname>
	<item>
	<title>Shaik Abu Bakr Al Shatri Radio</title>
	<link>mms://50.22.223.13/shatri</link>
	</item>
</streaminginfo>
<streaminginfo>
     <cname>Quran Radio</cname>
	<item>
	<title>Beautiful recitations</title>
	<link>mms://50.22.223.13/salma</link>
	</item>
</streaminginfo>

<streaminginfo>
     <cname>Quran Radio</cname>
	<item>
	<title>Maher Al Meaqli</title>
	<link>Radiomms://50.22.223.13/maher</link>
	</item>
</streaminginfo>
<streaminginfo>
     <cname>Quran Radio</cname>
	<item>
	<title>Ahmad Al-Ajmy Radio</title>
	<link>mms://50.22.223.13/ajm</link>
	</item>
</streaminginfo><streaminginfo>
     <cname>Quran Radio</cname>
	<item>
	<title>Abdulrahman Alsudaes Radio</title>
	<link>mms://50.22.223.13/sds</link>
	</item>
</streaminginfo>
<streaminginfo>
     <cname>Quran Radio</cname>
	<item>
	<title>Main Radio</title>
	<link>mms://50.22.223.13/radio</link>
	</item>
</streaminginfo>
<streaminginfo>
     <cname>Al Masar 2</cname>
	<item>
	<title>Jtv : You need Justin addon. need time to start</title>
	<link>plugin://plugin.video.jtv.archives/?mode=get_channel&amp;name=almasartv&amp;play=1</link>
	</item>
</streaminginfo>

<streaminginfo>
    <cname>Aljadeed</cname>
	<item>
	<title>itworkscdn low</title>
	<link>http://livestreaming.itworkscdn.net/aljadeedlive/aljadeed_160p/playlist.m3u8</link>
	</item>
</streaminginfo>
<streaminginfo>
    <cname>Aljadeed</cname>
	<item>
	<title>itworkscdn Med</title>
	<link>http://livestreaming.itworkscdn.net/aljadeedlive/aljadeed_240p/playlist.m3u8</link>
	</item>
</streaminginfo>
<streaminginfo>
    <cname>Aljadeed</cname>
	<item>
	<title>itworkscdn High</title>
	<link>http://livestreaming.itworkscdn.net/aljadeedlive/aljadeed_360p/playlist.m3u8</link>
	</item>
</streaminginfo>



<streaminginfo>
<cname>Fezzan</cname>
<item>
<title>Ustream</title>
<link>$doregex[get-link]</link>
<regex>
<name>get-link</name>
<expres>$pyFunction:get_ustream('http://iphone-streaming.ustream.tv/ustreamVideo/14305527/streams/live/playlist.m3u8')</expres>
<page></page>
</regex>
</item>
</streaminginfo>

<streaminginfo>
<cname>Dream 2</cname>
<item>
<title>Ustream</title>
<link>$doregex[get-link]</link>
<regex>
<name>get-link</name>
<expres>$pyFunction:get_ustream('http://iphone-streaming.ustream.tv/ustreamVideo/18117128/streams/live/playlist.m3u8')</expres>
<page></page>
</regex>
</item>
</streaminginfo>

<streaminginfo>
	<cname>Misrata</cname>
	<item>
	<title>You need to inslall veetle addon</title>
	<link>plugin://plugin.video.veetle/?channel=5330887b36239</link>
	</item>
</streaminginfo>

<streaminginfo>
	<cname>Libya One</cname>
	<item>
        <title>360</title>
        <link>http://188.247.93.26:1935/live/Libya-One.stream_360p/playlist.m3u8</link>
	</item>
</streaminginfo>
<streaminginfo>
<cname>Qatar Today</cname>
<item>
<title>Ustream</title>
<link>$doregex[get-link]</link>
<regex>
<name>get-link</name>
<expres>$pyFunction:get_ustream('http://iphone-streaming.ustream.tv/ustreamVideo/17132792/streams/live/playlist.m3u8')</expres>
<page></page>
</regex>
</item>
</streaminginfo>

<streaminginfo>
<cname>Al Resoul TV</cname>
<item>
<title>Ustream</title>
<link>$doregex[get-link]</link>
<regex>
<name>get-link</name>
<expres>$pyFunction:get_ustream('http://iphone-streaming.ustream.tv/ustreamVideo/12677236/streams/live/playlist.m3u8')</expres>
<page></page>
</regex>
</item>
</streaminginfo>

<streaminginfo>
<cname>Alinsen</cname>
<item>
<title>Ustream</title>
<link>$doregex[get-link]</link>
<regex>
<name>get-link</name>
<expres>$pyFunction:get_ustream('http://iphone-streaming.ustream.tv/ustreamVideo/17183652/streams/live/playlist.m3u8')</expres>
<page></page>
</regex>
</item>
</streaminginfo>

<streaminginfo>
<cname>Al Amaken Drama</cname>
<item>
<title>Ustream Bad Quality Link2</title>
<link>$doregex[get-link]</link>
<regex>
<name>get-link</name>
<expres>$pyFunction:get_ustream('http://iphone-streaming.ustream.tv/ustreamVideo/8089600/streams/live/playlist.m3u8')</expres>
<page></page>
</regex>
</item>
</streaminginfo>

<streaminginfo>
<cname>Al Amaken Drama</cname>
<item>
<title>Ustream Bad Quality Link1</title>
<link>$doregex[get-link]</link>
<regex>
<name>get-link</name>
<expres>$pyFunction:get_ustream('http://iphone-streaming.ustream.tv/ustreamVideo/9996377/streams/live/playlist.m3u8')</expres>
<page></page>
</regex>
</item>
</streaminginfo>


<streaminginfo>
<cname>Alqithara</cname>
<item>
<title>Ustream</title>
<link>$doregex[get-link]</link>
<regex>
<name>get-link</name>
<expres>$pyFunction:get_ustream('http://iphone-streaming.ustream.tv/ustreamVideo/4365778/streams/live/playlist.m3u8')</expres>
<page></page>
</regex>
</item>
</streaminginfo>


<streaminginfo>
<cname>AlYawm</cname>
<item>
<title>Ustream</title>
<link>$doregex[get-link]</link>
<regex>
<name>get-link</name>
<expres>$pyFunction:get_ustream('http://iphone-streaming.ustream.tv/ustreamVideo/17695248/streams/live/playlist.m3u8')</expres>
<page></page>
</regex>
</item>
</streaminginfo>


<streaminginfo>
<cname>Animal Planet</cname>
<item>
<title>Ustream</title>
<link>$doregex[get-link]</link>
<regex>
<name>get-link</name>
<expres>$pyFunction:get_ustream('http://iphone-streaming.ustream.tv/ustreamVideo/12762028/streams/live/playlist.m3u8')</expres>
<page></page>
</regex>
</item>
</streaminginfo>

<streaminginfo>
<cname>Sheraa</cname>
<item>
<title>Ustream</title>
<link>$doregex[get-link]</link>
<regex>
<name>get-link</name>
<expres>$pyFunction:get_ustream('http://iphone-streaming.ustream.tv/ustreamVideo/12569585/streams/live/playlist.m3u8')</expres>
<page></page>
</regex>
</item>
</streaminginfo>

<streaminginfo>
<cname>Alrabi3a Egypt</cname>
<item>
<title>Ustream</title>
<link>$doregex[get-link]</link>
<regex>
<name>get-link</name>
<expres>$pyFunction:get_ustream('http://iphone-streaming.ustream.tv/ustreamVideo/16697328/streams/live/playlist.m3u8')</expres>
<page></page>
</regex>
</item>
</streaminginfo>


<streaminginfo>
	<cname>Radio Mars</cname>
	<item><title>Livecast</title>
	<link>rtmp://rtmp.infomaniak.ch/livecast/videomars timeout=20</link>
	</item>
</streaminginfo>
<streaminginfo>
	<cname>Nabaa</cname>
	<item><title>Med Livestation</title>
	<link>http://nabaa.lsops.net/live/nabaa_ar_hls.smil/playlist.m3u8</link>
	</item>
</streaminginfo>

<streaminginfo>
    <cname>DW Arabic</cname>
<item>
<title>Low</title>
<link>$doregex[get-rtmp] playpath=$doregex[get-playpath] pageUrl=http://live-tv.im/dw-tv-arabia-live live=1 swfVfy=1 timeout=10</link>
<regex>
<name>get-rtmp</name>
<expres>meta base="(.*?)"</expres>
<page>http://www.metafilegenerator.de/DWelle/tv-arabia/flv/tv.smil</page>
</regex>

<regex>
<name>get-playpath</name>
<expres>"low"\s*src="(.*?)"</expres>
<page>http://www.metafilegenerator.de/DWelle/tv-arabia/flv/tv.smil</page>
</regex>
</item>
</streaminginfo>

<streaminginfo>
    <cname>DW Arabic</cname>
<item>
<title>Medium</title>
<link>$doregex[get-rtmp] playpath=$doregex[get-playpath] pageUrl=http://live-tv.im/dw-tv-arabia-live live=1 swfVfy=1 timeout=10</link>
<regex>
<name>get-rtmp</name>
<expres>meta base="(.*?)"</expres>
<page>http://www.metafilegenerator.de/DWelle/tv-arabia/flv/tv.smil</page>
</regex>

<regex>
<name>get-playpath</name>
<expres>"medium"\s*src="(.*?)"</expres>
<page>http://www.metafilegenerator.de/DWelle/tv-arabia/flv/tv.smil</page>
</regex>
</item>
</streaminginfo>



<streaminginfo>
    <cname>DW Arabic</cname>
<item>
<title>High</title>
<link>$doregex[get-rtmp] playpath=$doregex[get-playpath] pageUrl=http://live-tv.im/dw-tv-arabia-live live=1 swfVfy=1 timeout=10</link>
<regex>
<name>get-rtmp</name>
<expres>meta base="(.*?)"</expres>
<page>http://www.metafilegenerator.de/DWelle/tv-arabia/flv/tv.smil</page>
</regex>

<regex>
<name>get-playpath</name>
<expres>"high"\s*src="(.*?)"</expres>
<page>http://www.metafilegenerator.de/DWelle/tv-arabia/flv/tv.smil</page>
</regex>
</item>
</streaminginfo>

<streaminginfo>
    <cname>DW Arabic</cname>
<item>
<title>Highest</title>
<link>$doregex[get-rtmp] playpath=$doregex[get-playpath] pageUrl=http://live-tv.im/dw-tv-arabia-live live=1 swfVfy=1 timeout=10</link>
<regex>
<name>get-rtmp</name>
<expres>meta base="(.*?)"</expres>
<page>http://www.metafilegenerator.de/DWelle/tv-arabia/flv/tv.smil</page>
</regex>

<regex>
<name>get-playpath</name>
<expres>"highest"\s*src="(.*?)"</expres>
<page>http://www.metafilegenerator.de/DWelle/tv-arabia/flv/tv.smil</page>
</regex>
</item>
</streaminginfo>

<streaminginfo>
	<cname>SkyNewsArabia</cname>
	<item><title>Low</title><link>rtmp://hd7.lsops.net/live/ playpath=skynewsi_ar_372 swfUrl=http://static.ls-cdn.com/player/5.10/livestation-player.swf?1375719128 pageUrl==http://www.livestation.com/en/sky-news-arabia swfVfy=true live=true timeout=20</link>
	</item>
</streaminginfo>

<streaminginfo>
<cname>Zee Aflam</cname>
<item>
<title>Mips Low</title>
<link>rtmp://$doregex[rtmp]/live playpath=xcvcwvvwwwcccvvv?id=$doregex[getid] swfUrl=http://www.mips.tv/content/scripts/eplayer.swf pageUrl=http://mips.tv conn=S:OK live=1 swfVfy=1 timeout=20</link>
<regex>
<name>rtmp</name>
<expres>.*redirect=([\.\d]+)</expres>
<page>http://mips.tv:1935/loadbalancer</page>
</regex>
<regex>
<name>getid</name>
<expres>FlashVars.*'id=(.*?)&amp;</expres>
<page>http://www.mips.tv/embedplayer/xcvcwvvwwwcccvvv/1/500/400</page>
<referer>http://mips.tv/xcvcwvvwwwcccvvv</referer>
</regex>
</item>
</streaminginfo>
<streaminginfo>
<cname>Alriadia Sport</cname>
<item>
<title>Mips Low</title>
<link>rtmp://$doregex[rtmp]/live playpath=fjfgjhjghjgjghjjggg?id=201710 swfUrl=http://www.mips.tv/content/scripts/eplayer.swf pageUrl=http://mips.tv conn=S:OK live=1 swfVfy=1 timeout=20</link>
<regex>
<name>rtmp</name>
<expres>.*redirect=([\.\d]+)</expres>
<page>http://mips.tv:1935/loadbalancer</page>
</regex>
</item>
</streaminginfo>

<streaminginfo>
<cname>MBC 1</cname>
<item>
<title>Mips Low</title>
<link>rtmp://$doregex[rtmp]/live playpath=cvnvcnvcnccncv?id=201719 swfUrl=http://www.mips.tv/content/scripts/eplayer.swf pageUrl=http://mips.tv conn=S:OK live=1 swfVfy=1 timeout=20</link>
<regex>
<name>rtmp</name>
<expres>.*redirect=([\.\d]+)</expres>
<page>http://mips.tv:1935/loadbalancer</page>
</regex>
</item>
</streaminginfo>


<streaminginfo>
<cname>Al oula Maroc</cname>
<item>
<title>Mips Low</title>
<link>rtmp://$doregex[rtmp]/live playpath=hjkhjffhfhfghh?id=179155 swfUrl=http://www.mips.tv/content/scripts/eplayer.swf pageUrl=http://mips.tv conn=S:OK live=1 swfVfy=1 timeout=20</link>
<regex>
<name>rtmp</name>
<expres>.*redirect=([\.\d]+)</expres>
<page>http://mips.tv:1935/loadbalancer</page>
</regex>
</item>
</streaminginfo>
<streaminginfo>
<cname>2M</cname>
<item>
<title>Mips Low</title>
<link>rtmp://$doregex[rtmp]/live playpath=dvbgdxvbxcbxcvb?id=201718 swfUrl=http://www.mips.tv/content/scripts/eplayer.swf pageUrl=http://mips.tv conn=S:OK live=1 swfVfy=1 timeout=20</link>
<regex>
<name>rtmp</name>
<expres>.*redirect=([\.\d]+)</expres>
<page>http://mips.tv:1935/loadbalancer</page>
</regex>
</item>
</streaminginfo>

<streaminginfo>
<cname>MBC 3</cname>
<item>
<title>Mips Low</title>
<link>rtmp://$doregex[rtmp]/live playpath=sfsgfdgfdgfdgg?id=201711 swfUrl=http://www.mips.tv/content/scripts/eplayer.swf pageUrl=http://mips.tv conn=S:OK live=1 swfVfy=1 timeout=20</link>
<regex>
<name>rtmp</name>
<expres>.*redirect=([\.\d]+)</expres>
<page>http://mips.tv:1935/loadbalancer</page>
</regex>
</item>
</streaminginfo>

<streaminginfo>
<cname>Alhayat 1</cname>
<item>
<title>Mips Low</title>
<link>rtmp://$doregex[rtmp]/live playpath=alhaya44?id=204227 swfUrl=http://www.mips.tv/content/scripts/eplayer.swf pageUrl=http://mips.tv conn=S:OK live=1 swfVfy=1 timeout=20</link>
<regex>
<name>rtmp</name>
<expres>.*redirect=([\.\d]+)</expres>
<page>http://mips.tv:1935/loadbalancer</page>
</regex>
</item>
</streaminginfo>

<streaminginfo>

	<cname>Zee Alwan</cname>
	<item>
<title>Janjua Low</title>
<link>rtmp://$doregex[ip]/live playpath=zeealwan?id=12389 conn=S:OK swfUrl=http://www.janjua.tv/resources/scripts/eplayer.swf pageUrl=http://www.janjua.tv/embedplayer/zeealwan/1/500/400 live=1 timeout=15</link>
<regex>
<name>ip</name>
<expres>redirect=(.*)</expres>
<page>http://www.janjua.tv:1935/loadbalancer</page>
</regex>
</item>
</streaminginfo>

<streaminginfo>
	<cname>For Music</cname>
	<item>
	<title>livetvchannelsfree</title>
	<link>rtmp://wowza1.top-ix.org/quartaretetv1/formusicweb timeout=20</link>
	</item>
</streaminginfo>

<streaminginfo>
	<cname>Azaal</cname>
	<item>
	<title>Livestream</title>
	<link>http://xazaalx.api.channel.livestream.com/3.0/playlist.m3u8</link>
	</item>
</streaminginfo>


<streaminginfo>
	<cname>Ashorooq</cname>
	<item>
	<title>Atvmobile</title>
	<link>http://atvmobile.flashwebtown.com:1935/atv/myStream.sdp/playlist.m3u8</link>
	</item>
</streaminginfo>

<streaminginfo>
	<cname>Albadawiya</cname>
	<item>
	<title>94.127</title>
	<link>http://94.127.209.149:8080/albadawiyah-400-hlsx/playlist.m3u8</link>
	</item>
</streaminginfo>

<streaminginfo>
	<cname>iFilm Arabic</cname>
	<item>
	<title>hls.streaming</title>
	<link>http://ptv-hls.streaming.overon.es/channel01/livehigh.m3u8</link>
	</item>
</streaminginfo>
<streaminginfo>
	<cname>BBC</cname>
	<item>
	<title>BBC One TVcatchup</title>
	<link>http://tvcatchup-live.hls.adaptive.level3.net/tvcatchup-201/smil:bbcone_desk_wifi.smil/chunklist_b600000.m3u8</link>
	</item>
</streaminginfo>


<streaminginfo>
     <cname>AlYawm</cname>
	<item>
	<title>You need to install Justin addon</title>
	<link>plugin://plugin.video.jtv.archives/?mode=get_channel&amp;name=captain_america_one&amp;play=1</link>
	</item>
</streaminginfo>


<streaminginfo>
        <cname>Panorama film</cname>
	<item>
	<title>free-eg</title>
	<link>rtmpe://108.178.42.58/live/10176.stream timeout=20</link>
	</item>
</streaminginfo>
<streaminginfo>
        <cname>Panorama Drama 2</cname>
	<item>
	<title>free-eg</title>
	<link>rtmpe://108.178.40.250/live/10129.stream timeout=20</link>
	</item>
</streaminginfo>






<streaminginfo>
	<cname>Tahrir</cname>
	<item><title>free-eg</title><link>rtmp://vidstr1.memcs.com/live/TAHRIR swfUrl=http://ezfilms.do.am/jw-premium/jwplayer.flash.swf pageUrl=http://free-eg.com/ timeout=20</link></item>
</streaminginfo>

<streaminginfo>
	<cname>Taxi El Sahra</cname>
	<item><title>achams</title><link>rtmp://108.178.40.250/live?~achams.com:1935@192.185.11.131/10102.stream pageUrl=http://achams.com/stream/taxi-shara.swf timeout=20</link></item>
</streaminginfo>

<streaminginfo>
	<cname>MBC 2</cname>
	<item><title>achams low</title><link>rtmp://212.179.77.42/live/livestream2?key=achams-com.flv pageUrl=http://achams.com/tv/mbc2.php timeout=20</link></item>
</streaminginfo>

<streaminginfo>
	<cname>MBC 2</cname>
	<item><title>achams Med</title><link>rtmp://212.179.77.42/live/livestream2?key=achams-com.flv_avc pageUrl=http://achams.com/tv/mbc2.php timeout=20</link></item>
</streaminginfo>

<streaminginfo>
	<cname>MBC 2</cname>
	<item><title>achams High</title><link>rtmp://212.179.77.42/live/livestream2?key=achams-com.flv_avc.mp4 pageUrl=http://achams.com/tv/mbc2.php timeout=20</link></item>
</streaminginfo>

<streaminginfo>
	<cname>Cairo Cinema</cname>
	<item><title>achams</title><link>rtmp://108.178.40.250/live?~achams.com:1935@192.185.11.131/10126.stream pageUrl=http://achams.com/stream/cairocinema.php timeout=20</link></item>
</streaminginfo>
<streaminginfo>
	<cname>Algarbia</cname>
	<item><title>46.165</title><link>http://46.165.208.230:1935/samarra/mystream/gmswf.m3u8</link></item>
</streaminginfo>

<streaminginfo>
		<cname>Libya</cname>
		<item>
		<title>livestation_828</title>
		<link>http://wpc.c1a9.edgecastcdn.net/hls-live/20C1A9/linear/ls_satlink/libyatv_828.m3u8</link>
		</item>
</streaminginfo>
<streaminginfo>
		<cname>Libya</cname>
		<item>
		<title>livestation_528</title>
		<link>http://wpc.c1a9.edgecastcdn.net/hls-live/20C1A9/linear/ls_satlink/libyatv_528.m3u8</link>
		</item>
</streaminginfo>
<streaminginfo>
		<cname>Libya</cname>
		<item>
		<title>livestation_264</title>
		<link>http://wpc.c1a9.edgecastcdn.net/hls-live/20C1A9/linear/ls_satlink/libyatv_264.m3u8</link>
		</item>
</streaminginfo>



<streaminginfo><cname>Nilat</cname><item><title>188</title><link>http://188.247.93.26:1935/live/nilat.stream_360p/hassuni.m3u8</link></item></streaminginfo>
<streaminginfo><cname>Ale3lania</cname><item><title>188</title><link>http://188.247.93.26:1935/live/ale3lania.stream_360p/hassuni.m3u8</link></item></streaminginfo>
<streaminginfo><cname>Awdeh</cname><item><title>188</title><link>http://188.247.93.26:1935/live/Awdeh.stream_360p/hassuni.m3u8</link></item></streaminginfo>

<streaminginfo><cname>Roaa</cname><item><title>188</title><link>http://188.247.93.26:1935/live/Roaa.stream_360p/hassuni.m3u8</link></item></streaminginfo>
<streaminginfo><cname>Aljazeera Children</cname><item><title>qna.org</title><link>rtmp://AgendaStreamer3.qna.org.qa/jsc/?hghpl]=a2V5bGl2ZTE5Ny0xNjItMTE1LTIyMzIwMTQtMDItMjUtMTUtMzktMjI=/jsc timeout=20</link></item></streaminginfo>
<streaminginfo><cname>Aljazeera Children</cname><item><title>m3u8 137</title><link>http://137.135.68.232:1935/jsc/jsc/gmswf.m3u8?keylive217-230-225-22014-06-14-09-02-23&amp;v=hghpl] timeout=20</link></item></streaminginfo>
<streaminginfo><cname>Aljazeera Children</cname><item><title>Bcoveliveios</title><link>http://bcoveliveios-i.akamaihd.net/hls/live/206572/2014288370001/playlist.m3u8</link></item></streaminginfo>

<streaminginfo><cname>ANB</cname><item><title>188</title><link>http://188.247.93.26:1935/live/anb.stream_360p/hassuni.m3u8</link></item></streaminginfo>
<streaminginfo><cname>Aldiyar</cname><item><title>188</title><link>http://188.247.93.26:1935/live/aldyar.stream_360p/hassuni.m3u8</link></item></streaminginfo>
<streaminginfo><cname>Kaifa</cname><item><title>188</title><link>http://188.247.93.26:1935/live/kifa.stream_360p/hassuni.m3u8</link></item></streaminginfo>




<streaminginfo>
	<cname>Nile comedy</cname>
	<item><title>Ngmatv</title><link>http://85.91.143.21:1935/56822/56822.stream/playlist.m3u8</link></item>  
</streaminginfo>
<streaminginfo>
	<cname>Nile Life</cname>
	<item><title>Ngmatv</title><link>http://85.91.143.21:1935/65784/65784.stream/playlist.m3u8</link></item> 
</streaminginfo>
<streaminginfo>
	<cname>Nile Cinema</cname>
	<item><title>Ngmatv</title><link>http://85.91.143.21:1935/55578/55578.stream/playlist.m3u8</link></item>
</streaminginfo>
<streaminginfo>
	<cname>Nile Drama</cname>
	<item><title>Ngmatv</title><link>http://85.91.143.21:1935/25864/25864.stream/playlist.m3u8</link></item>
</streaminginfo>
<streaminginfo>
	<cname>Nile Family</cname>
	<item><title>Ngmatv</title><link>http://85.91.143.21:1935/34566/34566.stream/playlist.m3u8</link></item> 
</streaminginfo>
<streaminginfo>
	<cname>Nile Culture</cname>
	<item><title>Ngmatv</title><link>http://85.91.143.21:1935/36944/36944.stream/playlist.m3u8</link></item> 
</streaminginfo>
<streaminginfo>
	<cname>Nile Sport</cname>
	<item><title>NegmTV</title><link>http://85.91.143.21:1935/79248/79248.stream/playlist.m3u8?wowzasessionid=1411169570</link></item>
</streaminginfo>
<streaminginfo>
	<cname>Nile News</cname>
	<item><title>Ngmatv</title><link>http://85.91.143.21:1935/98677/98677.stream/playlist.m3u8</link></item> 
</streaminginfo>

<streaminginfo>
	<cname>Coptic_Christian</cname>
	<item><title>Alhayat2 Ngmatv</title><link>http://85.91.143.22:1935/35431/35431.stream/playlist.m3u8</link></item> 
</streaminginfo>
<streaminginfo>
	<cname>Alan</cname>
	<item><title>Ngmatv</title><link>http://85.91.143.21:1935/11589/11589.stream/playlist.m3u8</link></item>  
</streaminginfo>
<streaminginfo><cname>Al Baghdadia</cname><item><title>Al baghdadia2 Ngmatv</title><link>http://85.91.143.22:1935/33516/33516.stream/playlist.m3u8</link></item></streaminginfo>  
<streaminginfo><cname>Dubai Racing</cname><item><title>Ngmatv</title><link>http://85.91.143.21:1935/47689/47689.stream/playlist.m3u8</link></item></streaminginfo> 

<streaminginfo><cname>Al oula Maroc</cname><item><title>NegmaTV</title><link>http://85.91.143.20:1935/56752/56752.stream/playlist.m3u8</link></item></streaminginfo>
<streaminginfo><cname>Tamazigh Maroc</cname><item><title>Ngmatv</title><link>http://85.91.143.20:1935/45823/45823.stream/playlist.m3u8</link></item></streaminginfo> 
<streaminginfo><cname>MBC Masr</cname><item><title>Ngmatv</title><link>http://85.91.143.20:1935/88863/88863.stream/playlist.m3u8</link></item></streaminginfo>  
<streaminginfo><cname>MBC 1</cname><item><title>Ngmatv</title><link>http://85.91.143.20:1935/58962/58962.stream/playlist.m3u8</link></item></streaminginfo>  
<streaminginfo><cname>MBC 2</cname><item><title>Ngmatv</title><link>http://85.91.143.20:1935/98642/98642.stream/playlist.m3u8</link></item></streaminginfo>  
<streaminginfo><cname>MBC 3</cname><item><title>Ngmatv</title><link>http://85.91.143.20:1935/15678/15678.stream/playlist.m3u8</link></item></streaminginfo>  
<streaminginfo><cname>MBC Action</cname><item><title>Ngmatv</title><link>http://85.91.143.20:1935/65378/65378.stream/playlist.m3u8</link></item></streaminginfo>  
<streaminginfo><cname>MBC 4</cname><item><title>Ngmatv</title><link>http://85.91.143.20:1935/56278/56278.stream/playlist.m3u8</link></item></streaminginfo>  
<streaminginfo><cname>MBC Max</cname><item><title>Ngmatv</title><link>http://85.91.143.20:1935/78561/78561.stream/playlist.m3u8</link></item></streaminginfo>  
<streaminginfo><cname>MBC Drama</cname><item><title>Ngmatv</title><link>http://85.91.143.20:1935/96514/96514.stream/playlist.m3u8</link></item></streaminginfo> 
<streaminginfo><cname>Wanasah</cname><item><title>Ngmatv</title><link>http://85.91.143.20:1935/45689/45689.stream/playlist.m3u8</link></item></streaminginfo>  
<streaminginfo><cname>MBC Bollywood</cname><item><title>Ngmatv</title><link>http://85.91.143.23:1935/35657/35657.stream/playlist.m3u8</link></item></streaminginfo>  
 <streaminginfo><cname>Future TV</cname><item><title>Ngmatv</title><link>http://85.91.143.20:1935/86547/86547.stream/playlist.m3u8</link></item></streaminginfo>  
<streaminginfo><cname>Al mayaden</cname><item><title>Ngmatv</title><link>http://85.91.143.20:1935/57921/57921.stream/playlist.m3u8</link></item></streaminginfo>  
<streaminginfo><cname>MTV</cname><item><title>Ngmatv</title><link>http://85.91.143.20:1935/54682/54682.stream/playlist.m3u8</link></item></streaminginfo>  
<streaminginfo><cname>Tele Liban</cname><item><title>Ngmatv</title><link>http://85.91.143.20:1935/96578/96578.stream/playlist.m3u8</link></item></streaminginfo>  
<streaminginfo><cname>Aljadeed</cname><item><title>Ngmatv</title><link>http://85.91.143.20:1935/89245/89245.stream/playlist.m3u8</link></item></streaminginfo>  

<streaminginfo><cname>Aljazeera</cname><item><title>Ngmatv</title><link>http://85.91.143.23:1935/18859/18859.stream/playlist.m3u8</link></item></streaminginfo> 
 <streaminginfo><cname>Aljazeera Doc</cname><item><title>Ngmatv</title><link>http://85.91.143.23:1935/33578/33578.stream/playlist.m3u8</link></item></streaminginfo>  
<streaminginfo><cname>KSA 1</cname><item><title>Ngmatv</title><link>http://85.91.143.23:1935/35874/35874.stream/playlist.m3u8</link></item></streaminginfo> 
<streaminginfo><cname>Baraem</cname><item><title>Ngmatv</title><link>http://85.91.143.23:1935/45888/45888.stream/playlist.m3u8</link></item></streaminginfo>  
<streaminginfo><cname>Aljazeera Children</cname><item><title>Ngmatv</title><link>http://85.91.143.23:1935/45975/45975.stream/playlist.m3u8</link></item></streaminginfo>  
<streaminginfo><cname>Abu Dhabi Drama</cname><item><title>Ngmatv</title><link>http://85.91.143.23:1935/58891/58891.stream/playlist.m3u8</link></item></streaminginfo>  
<streaminginfo><cname>Almajd Kids</cname><item><title>Ngmatv</title><link>http://85.91.143.23:1935/82551/82551.stream/playlist.m3u8</link></item></streaminginfo>  
<streaminginfo><cname>Dream 1</cname><item><title>Ngmatv</title><link>http://85.91.143.23:1935/87521/87521.stream/playlist.m3u8</link></item></streaminginfo>  
<streaminginfo><cname>Mazzika</cname><item><title>Ngmatv</title><link>http://85.91.143.23:1935/93348/93348.stream/playlist.m3u8</link></item></streaminginfo> 
<streaminginfo><cname>Music+</cname><item><title>Music+</title><link>http://85.91.143.21:1935/35961/35961.stream/playlist.m3u8</link></item></streaminginfo>
<streaminginfo><cname>Mazeka zoom</cname><item><title>Ngmatv</title><link>http://85.91.143.23:1935/96533/96533.stream/playlist.m3u8</link></item></streaminginfo>  
<streaminginfo><cname>Abu Dhabi Sports 1</cname><item><title>Abu Dhabi Sports 1 Ngmatv</title><link>http://85.91.143.21:1935/15675/15675.stream/playlist.m3u8</link></item></streaminginfo>  
<streaminginfo><cname>Abu Dhabi Sports 1</cname><item><title>Abu Dhabi Sports 2 Ngmatv</title><link>http://85.91.143.21:1935/35428/35428.stream/playlist.m3u8</link></item></streaminginfo>  
<streaminginfo><cname>Oman</cname><item><title>Ngmatv</title><link>http://85.91.143.23:1935/45658/45658.stream/playlist.m3u8</link></item></streaminginfo>  
<streaminginfo><cname>Iqraa</cname><item><title>NgmaTV</title><link>http://85.91.143.23:1935/64489/64489.stream/playlist.m3u8</link></item></streaminginfo>


<streaminginfo><cname>Al Sharqiya</cname><item>
<title>Drama NegmTV link1</title>
<link>http://85.91.143.21:1935/22356/22356.stream/playlist.m3u8?wowzasessionid=1885977070</link>
</item>
</streaminginfo>
<streaminginfo>
<cname>Al Sharqiya</cname><item><title>Drama NegmTV link2</title>
<link>http://85.91.143.21:1935/22356/22356.stream/playlist.m3u8?wowzasessionid=613832645</link>
</item>
</streaminginfo>

<streaminginfo><cname>Al Sharqiya News</cname><item>
<title>NegmTV</title>
<link>rtmp://ns8.indexforce.com/alsharqiyalive/mystream</link>
</item></streaminginfo>


<streaminginfo><cname>Spacetoon</cname><item>
 <title>Negmtv</title>
 <link>http://85.91.143.21:1935/35985/35985.stream/playlist.m3u8?wowzasessionid=1704098686</link>
</item></streaminginfo>

<streaminginfo><cname>Spacetoon</cname><item><title>NegmaTV</title><link>http://85.91.143.21:1935/35985/35985.stream/playlist.m3u8?wowzasessionid=1534425809</link>
</item></streaminginfo>

<streaminginfo><cname>TV 5 MONDE</cname><item>
<title>Negmtv</title>
<link>http://85.91.143.22:1935/90457/90457.stream/playlist.m3u8?wowzasessionid=22343442</link>
</item></streaminginfo>

<streaminginfo><cname>TV 5 MONDE</cname><item>
<title>Negmtv link2</title>
<link>http://85.91.143.22:1935/90457/90457.stream/playlist.m3u8?wowzasessionid=785117918</link>
</item></streaminginfo>

<streaminginfo><cname>Alrai</cname><item><title>NegmaTV</title><link>http://85.91.143.22:1935/58130/58130.stream/playlist.m3u8</link></item></streaminginfo>



<streaminginfo>
     	<cname>Alriadia Sport</cname>
	<item>
	<title>Janjua</title>
	<link>rtmp://206.190.153.70/live playpath=arryadia?id=12387 conn=S:OK swfUrl=http://www.janjua.tv/resources/scripts/eplayer.swf pageUrl=http://www.janjua.tv/embedplayer/arryadia/1/500/400live=true timeout=15</link>
	</item>
</streaminginfo>

<streaminginfo>
     	<cname>Al Tunisia</cname>
	<item>
	<title>zenex</title>
	<link>rtmp://208.43.175.45/zenex playPath=ettouns002?id=68 conn=S:OK swfUrl=http://www.zenex.tv/data/scripts/eplayer.swf pageUrl=http://www.zenex.tv/embedplayer/ettouns002/1/500/400 live=1 timeout=10</link>
	</item>
</streaminginfo>
<streaminginfo>
     	<cname>Tunisia national 2</cname>
	<item>
	<title>zenex</title>
	<link>rtmp://208.43.175.45/zenex playPath=wat2001?id=68 conn=S:OK swfUrl=http://www.zenex.tv/data/scripts/eplayer.swf pageUrl=http://www.zenex.tv/embedplayer/wat2001/1/500/400 live=1 timeout=10</link>
	</item>
</streaminginfo>
<streaminginfo>
     	<cname>Al Mutawasit</cname>
	<item>
	<title>zenex</title>
	<link>rtmp://208.43.175.45/zenex playPath=mutawa001?id=68 conn=S:OK swfUrl=http://www.zenex.tv/data/scripts/eplayer.swf pageUrl=http://www.zenex.tv/embedplayer/mutawa001/1/500/400 live=1 timeout=10</link>
	</item>
</streaminginfo>

<streaminginfo>
     <cname>Hanibal</cname>
	<item>
	<title>zenex</title>
	<link>rtmp://208.43.175.45/zenex playPath=hann002?id=68 conn=S:OK swfUrl=http://www.zenex.tv/data/scripts/eplayer.swf pageUrl=http://www.zenex.tv/embedplayer/hann002/1/500/400 live=1 timeout=10</link>
	</item>
</streaminginfo>




<streaminginfo>
     <cname>Chelsea TV</cname>
	<item>
	<title>WebMedias</title>
	<link>rtmp://cp96798.live.edgefcs.net/live playpath=ChelTV_Ch01_1000k@26291 swfUrl=http://www.web-medias.net/jwplayer.swf pageUrl=http://www.web-medias.net/chelsea-tv-en-direct-live-sport-video_957eba4b8.html live=true timeout=15</link>
	</item>
</streaminginfo>

 <streaminginfo>
     <cname>Abu Dhabi Drama</cname>
	<item>
	<title>WebMedias</title>
	<link>rtmp://iptv2.web-medias.net:8080/live/abu_dhabi_drama?e=1402731755&amp;st=vxBzxQA2D4xFSpocrvQl_A swfUrl=http://www.web-medias.net/jwplayer.swf pageUrl=http://www.web-medias.net/iptv/%3Fch%3Dabu_dhabi_drama live=true timeout=15</link>
	</item>
</streaminginfo>

<streaminginfo>
     <cname>Alhayat Cinema</cname>
	<item>
	<title>WebMedias</title>
	<link>rtmp://iptv2.web-medias.net:8080/live/alhayat_cinema?e=1402731449&amp;st=thMGWcwT6zuDR95qXqk85A swfUrl=http://www.web-medias.net/jwplayer.swf pageUrl=http://www.web-medias.net/iptv/%3Fch%3Dalhayat_cinema live=true timeout=15</link>
	</item>
</streaminginfo>
<streaminginfo>
     <cname>MBC Max</cname>
	<item>
	<title>WebMedias</title>
	<link>rtmp://iptv2.web-medias.net:8080/live/mbc_max?e=1402734077&amp;st=_GQ3l74ecGFKj4rBrq6AbQ swfUrl=http://www.web-medias.net/jwplayer.swf pageUrl=http://www.web-medias.net/iptv/%3Fch%3Dmbc_max live=true timeout=15</link>
	</item>
</streaminginfo>

<streaminginfo>
     <cname>Alhayat 1</cname>
	<item>
	<title>WebMedias</title>
	<link>rtmp://iptv3.web-medias.net:8080/live/alhayat_1?e=1402734205&amp;st=y6iPrC8b7wT0hREukiooPw swfUrl=http://www.web-medias.net/jwplayer.swf pageUrl=http://www.web-medias.net/iptv/%3Fch%3Dalhayat_1 live=true timeout=15</link>
	</item>
</streaminginfo>


<streaminginfo>
     <cname>MBC Drama</cname>
	<item>
	<title>WebMedias</title>
	<link>rtmp://iptv2.web-medias.net:8080/live/mbc_drama?e=1402696357&amp;st=gQ4KvnRQqH_CoD7Th4fQaA swfUrl=http://www.web-medias.net/jwplayer.swf pageUrl=http://www.web-medias.net/iptv/%3Fch%3Dmbc_drama live=true timeout=15</link>
	</item>
</streaminginfo> 
<streaminginfo>
     <cname>MBC 3</cname>
	<item>
	<title>WebMedias</title>
	<link>rtmp://iptv2.web-medias.net:8080/live/mbc_3?e=1402695165&amp;st=-gM3EHkJitomWuM-NdARCg swfUrl=http://www.web-medias.net/jwplayer.swf pageUrl=http://www.web-medias.net/iptv/%3Fch%3Dmbc_3 live=true timeout=15</link>
	</item>
</streaminginfo>

<streaminginfo>
     <cname>Samira Tv</cname>
	<item> 
	<title>WebMedias</title>
	<link>rtmp://193.164.132.105:1944/live/samira_tv?e=1402694773&amp;st=I_MJYmEH9NiOE5xfiwprCw swfUrl=http://www.web-medias.net/jwplayer.swf pageUrl=http://www.web-medias.net/iptv/%3Fch%3Dsamira_tv live=true timeout=15</link>
	</item>
</streaminginfo>

<streaminginfo>
     <cname>Al Haneen Music</cname>
	<item>
	<title>You need Justin addon. need time to start</title>
	<link>plugin://plugin.video.jtv.archives/?mode=get_channel&amp;name=musichaneentv&amp;play=1</link>
	</item>
</streaminginfo>
<streaminginfo>
     <cname>Zaitouna</cname>
	<item>
	<title>You need Justin addon. need time to start</title>
	<link>plugin://plugin.video.jtv.archives/?mode=get_channel&amp;name=zaytounatv&amp;play=1</link>
	</item>
</streaminginfo>




<streaminginfo>
     <cname>Qatar</cname>
	 <item>
<title>Qatar Gini</title>
<link>$doregex[url]</link>
<regex>
<name>url</name>
<expres>file: "([^"]*)</expres>
<page>http://giniko.com/watch.php?id=11</page>
</regex>
<thumbnail>http://giniko.com/logos/190x110/11.jpeg</thumbnail>
</item>
</streaminginfo>

<streaminginfo>
     <cname>Oman</cname>
	 <item>
<title>Oman Gini</title>
<link>$doregex[url]</link>
<regex>
<name>url</name>
<expres>file: "([^"]*)</expres>
<page>http://giniko.com/watch.php?id=184</page>
</regex>
<thumbnail>http://giniko.com/logos/190x110/184.jpg</thumbnail>
</item>
</streaminginfo>

<streaminginfo>
     <cname>Aliraqiya</cname>
	 <item>
<title>Aliraqiya Gini</title>
<link>$doregex[url]</link>
<regex>
<name>url</name>
<expres>file: "([^"]*)</expres>
<page>http://giniko.com/watch.php?id=182</page>
</regex>
<thumbnail>http://giniko.com/logos/190x110/182.jpg</thumbnail>
</item>
</streaminginfo>

<streaminginfo>
     <cname>Jordan</cname>
	 <item>
<title>Jordan Gini</title>
<link>$doregex[url]</link>
<regex>
<name>url</name>
<expres>file: "([^"]*)</expres>
<page>http://giniko.com/watch.php?id=186</page>
</regex>
<thumbnail>http://giniko.com/logos/190x110/186.jpg</thumbnail>
</item>
</streaminginfo>

<streaminginfo>
     <cname>Abu Dhabi</cname>
<item>
<title>AD Aloula Gini</title>
<link>$doregex[url]</link>
<regex>
<name>url</name>
<expres>file: "([^"]*)</expres>
<page>http://giniko.com/watch.php?id=80</page>
</regex>
<thumbnail>http://www.lyngsat-logo.com/hires/aa/abu_dhabi_tv.png</thumbnail>
</item>

</streaminginfo>
<streaminginfo>
     <cname>Aghanina</cname>
	<item>
	<title>You need to install Justin addon: Low quality</title>
	<link>plugin://plugin.video.jtv.archives/?mode=get_channel&amp;name=aghanina2014&amp;play=true</link>
	</item>
</streaminginfo>
<streaminginfo>
     <cname>Al Sumaria</cname>
	<item>
	<title>itworkscdn</title>
	<link>http://livestreaming2.itworkscdn.net/sumarialive/smil:sumariamob.smil/playlist.m3u8</link>
	</item>
</streaminginfo>
<streaminginfo>
     <cname>Remas</cname>
	<item>
	<title>itworkscdn</title>
	<link>http://livestreaming.itworkscdn.net/alremaslive/remastv/playlist.m3u8</link>
	</item>
</streaminginfo>
<streaminginfo>
     <cname>AlGeria</cname>
	<item>
	<title>Elahmad source</title>
	<link>http://www.elahmad.com/tv/m3u8/fr__a.m3u8?id=algerie</link>
	</item>
</streaminginfo>
<streaminginfo>
     <cname>Coran</cname>
	<item>
	<title>Elahmad source</title>
	<link>http://www.elahmad.com/tv/m3u8/fr__a.m3u8?id=coran</link>
	</item>
</streaminginfo>
<streaminginfo>
     <cname>Tamazigh Algeria</cname>
	<item>
	<title>Algeria Elahmad source</title>
	<link>http://www.elahmad.com/tv/m3u8/fr__a.m3u8?id=tamazight</link>
	</item>
</streaminginfo>

<streaminginfo>
     <cname>2M</cname>
	<item>
	<title>Elahmad source</title>
	<link>http://www.elahmad.com/tv/m3u8/fr__a.m3u8?id=maroc2</link>
	</item>
</streaminginfo>



<streaminginfo>
     <cname>FM TV</cname>
	<item>
	<title>Low quality</title>
	<link>rtmp://fml.4120.gravlab.net/204120/fmtv swfUrl=http://fmtv.gravlab.net/004120/jwplayer/player.swf live=1 pageUrl=http://www.fmtv.tv/fm/fmtv.html live=true swfVfy=true</link>
	</item>
</streaminginfo>

<streaminginfo>
     <cname>Sharjah</cname>
	<item>
	<title>itworkscdn</title>
	<link>rtmp://livestreaming.itworkscdn.net/smc1live/ playpath=smc1tv_360p swfUrl=http://www.smc.ae/smcplayer/smcplayer/jwplayer.flash.swf pageUrl=http://www.smc.ae/stream.html swfVfy=true live=true timeout=15</link>
	</item>
</streaminginfo>

<streaminginfo>
     <cname>Hawacom</cname>
	<item>
	<title>low quality</title>
	<link>http://mobilestreaming.itworkscdn.com/hawacom/hawacomlive/playlist.m3u8</link>
	</item>
</streaminginfo>

<streaminginfo>
        <cname>Sharjah</cname>
	<item>
	<title>itworkscdn</title>
	<link>rtmp://livestreaming.itworkscdn.net/smc1live/ playpath=smc1tv_360p swfUrl=http://www.smc.ae/smcplayer/smcplayer/jwplayer.flash.swf pageUrl=http://www.smc.ae/stream.html swfVfy=true live=true timeout=15</link>
	</item>
</streaminginfo>
<streaminginfo>
        <cname>Aljazeera Doc</cname>
	<item>
	<title>High Quality</title>
	<link>rtmp://aljazeeraflashlivefs.fplive.net/aljazeeraflashlive-live/ playpath=aljazeera_doc_high swfUrl=http://www.watcharab.com/tv/swf/aljazeera_documentary.swf pageUrl=http://www.elahmad.com/tv/aljazeera_documentary.php swfVfy=true live=true timeout=60</link>
	</item>
</streaminginfo>

<streaminginfo>
        <cname>Aljazeera Doc</cname>
	<item>
	<title>Medium Quality</title>
	<link>rtmp://aljazeeraflashlivefs.fplive.net/aljazeeraflashlive-live/-live playpath=aljazeera_doc_med swfUrl=http://www.arabztv.net/player.swf live=1 pageUrl=http://www.arabztv.com/ live=true swfVfy=true</link>
	</item>
</streaminginfo>
<streaminginfo>
    <cname>Aljazeera Mubasher</cname>
	<item>
	<title>High</title>
	<link>http://hd1.lsops.net/live/smil:aljamuba_ar_hls.smil/playlist.m3u8</link>
	</item>
</streaminginfo>
<streaminginfo>
    <cname>Aljazeera Mubasher Masr</cname>
	<item>
	<title>High</title>
	<link>http://hd1.lsops.net/live/smil:aljamisr_ar_hls.smil/playlist.m3u8</link>
	</item>
</streaminginfo>
<streaminginfo>
        <cname>Aljazeera Mubasher Masr</cname>
	<item>
	<title>High Quality</title>
	<link>rtmp://aljazeeraflashlivefs.fplive.net/aljazeeraflashlive-live playpath=aljazeera_misr_high swfUrl=http://www.arabztv.net/player.swf live=1 pageUrl=http://www.arabztv.com/ live=true swfVfy=true</link>
	</item>
</streaminginfo>
<streaminginfo>
    <cname>CCTV Arabic</cname>
	<item>
	<title>Low </title>
	<link>http://wpc.c1a9.edgecastcdn.net/hls-live/20C1A9/livestation/ls_lmle/cctv_264.m3u8</link>
	</item>
</streaminginfo>
<streaminginfo>
    <cname>CCTV Arabic</cname>
	<item>
	<title>Med livestation</title>
	<link>http://wpc.c1a9.edgecastcdn.net/hls-live/20C1A9/livestation/ls_lmle/cctv_528.m3u8</link>
	</item>
</streaminginfo>
<streaminginfo>
    <cname>CCTV Arabic</cname>
	<item>
	<title>High livestation</title>
	<link>http://wpc.c1a9.edgecastcdn.net/hls-live/20C1A9/livestation/ls_lmle/cctv_828.m3u8</link>
	</item>
</streaminginfo>
<streaminginfo>
    <cname>Al Alam</cname>
	<item>
	<title>Medium Quality</title>
	<link>rtmp://hd6.lsops.net/live playpath=alalam_ar_584 swfUrl="http://static.ls-cdn.com/player/5.10/livestation-player.swf" swfVfy=true live=true</link>
	</item>
</streaminginfo>

<streaminginfo>
    <cname>Al Alam</cname>
	<item>
	<title>Low Quality</title>
	<link>rtmp://hd6.lsops.net/live playpath=alalam_ar_162 swfUrl="http://static.ls-cdn.com/player/5.10/livestation-player.swf" swfVfy=true live=true</link>
	</item>
</streaminginfo>
<streaminginfo>
    <cname>alnabaa</cname>
	<item>
	<title>Medium Quality</title>
	<link>rtmp://alnabaa.lsops.net/live/ playpath=alnabaa_ar_364 swfUrl="http://static.ls-cdn.com/player/5.10/livestation-player.swf" swfVfy=true live=true</link>
	</item>
</streaminginfo>
<streaminginfo>
    <cname>alnabaa</cname>
	<item>
	<title>Low Quality</title>
	<link>rtmp://alnabaa.lsops.net/live/ playpath=alnabaa_ar_162 swfUrl="http://static.ls-cdn.com/player/5.10/livestation-player.swf" swfVfy=true live=true</link>
	</item>
</streaminginfo>
<streaminginfo>
    <cname>alnabaa</cname>
	<item>
	<title>Mobile Quality</title>
	<link>http://alnabaa.lsops.net/live/alnabaa_ar_hls.smil/playlist.m3u8</link>
	</item>
</streaminginfo>
<streaminginfo>
        <cname>Euro News Arabic</cname>
	<item>
	<title>High</title>
	<link>rtmp://fr-par-3.stream-relay.hexaglobe.net:1935/rtpeuronewslive/ar_video750_rtp.sdp swfUrl=http://arabic.euronews.com/media/player_live_1_13.swf pageUrl=http://www.elahmad.com/tv/euronews.php swfVfy=true live=true timeout=60</link>
	</item>
</streaminginfo>
<streaminginfo>
    <cname>Euro News Arabic</cname>
	<item>
	<title>Source1</title>
	<link>rtmp://fr-par-10-stream-relay.hexaglobe.net/rtpeuronewslive/ar_video750_rtp.sdp swfUrl=http://www.euronews.com/media/player_live_1_14.swf swfVfy=true live=true</link>
	</item>
</streaminginfo>





<streaminginfo>
        <cname>Aljazeera</cname>
	<item>
	<title>Mobile livestation</title>
	<link>http://hd3.lsops.net/live/aljazeer_ar_hls.smil/playlist.m3u8</link>
	</item>
</streaminginfo>
<streaminginfo>
        <cname>Aljazeera</cname>
	<item>
	<title>Low Quality</title>
	<link>http://wpc.c1a9.edgecastcdn.net/hls-live/20C1A9/livestation/ls_lmle/aljazeer_ar_264.m3u8</link>
	</item>
</streaminginfo>
<streaminginfo>
	<cname>Aljazeera</cname>
	<item>
	<title>Med Quality</title>
	<link>http://wpc.c1a9.edgecastcdn.net/hls-live/20C1A9/livestation/ls_lmle/aljazeer_ar_528.m3u8</link>
	</item>
</streaminginfo>

<streaminginfo>
	<cname>Aljazeera</cname>
	<item>
	<title>High livestation</title>
	<link>http://wpc.c1a9.edgecastcdn.net/hls-live/20C1A9/livestation/ls_lmle/aljazeer_ar_828.m3u8</link>
	</item>
</streaminginfo>


<streaminginfo>
        <cname>AlJazeera En</cname>
	<item>
	<title>Mobile Quality</title>
	<link>http://hd2.lsops.net/live/aljazeer_en_hls.smil/playlist.m3u8</link>
	</item>
</streaminginfo>
<streaminginfo>
        <cname>AlJazeera En</cname>
	<item>
	<title>Low Quality</title>
	<link>rtmp://hd2.lsops.net/live playpath=aljazeer_en_145 swfUrl="http://static.ls-cdn.com/player/5.10/livestation-player.swf" swfVfy=true live=true</link>
	</item>
</streaminginfo>
<streaminginfo>
<cname>AlJazeera En</cname>
<item>
<title>Medium Quality</title>
<link>rtmp://hd2.lsops.net/live playpath=aljazeer_en_372 swfUrl="http://static.ls-cdn.com/player/5.10/livestation-player.swf" swfVfy=true live=true</link>
</item>
</streaminginfo>

<streaminginfo>
<cname>AlJazeera En</cname>
<item>
<title>High Quality</title>
<link>rtmp://hd2.lsops.net/live playpath=aljazeer_en_838 swfUrl="http://static.ls-cdn.com/player/5.10/livestation-player.swf" swfVfy=true live=true</link>
</item>
</streaminginfo>



 <streaminginfo>
        <cname>Aljazeera US</cname>
	<item>
	<title>Low livestation</title>
	<link>http://wpc.c1a9.edgecastcdn.net/hls-live/20C1A9/livestation/ls_lmle/ajam_264.m3u8</link>
	</item>
</streaminginfo>
 <streaminginfo>
        <cname>Aljazeera US</cname>
	<item>
	<title>Med livestation</title>
	<link>http://wpc.c1a9.edgecastcdn.net/hls-live/20C1A9/livestation/ls_lmle/ajam_528.m3u8</link>
	</item>
</streaminginfo>
 <streaminginfo>
        <cname>Aljazeera US</cname>
	<item>
	<title>High livestation</title>
	<link>http://wpc.c1a9.edgecastcdn.net/hls-live/20C1A9/livestation/ls_lmle/ajam_828.m3u8</link>
	</item>
</streaminginfo>



<streaminginfo>
        <cname>BBC Arabic</cname>
	<item>
	<title>You need to install f4m_tester addon from Shani Repo</title>
	<link>plugin://plugin.video.f4mTester/?url=http://bbcwshdlive01-lh.akamaihd.net/z/atv_1@61433/manifest.f4m?hdcore=2.11.3</link>
	</item>
</streaminginfo>
<streaminginfo>
	<cname>BBC Arabic</cname>
	<item>
	<title>m3u8</title>
	<link>http://hd7.lsops.net/live/bbcarab_ar_hls.smil/playlist.m3u8</link>
	</item>
</streaminginfo>
<streaminginfo>
    	<cname>France 24</cname>
	<item>
	<title>Arabic</title>
	<link>http://vipwowza.yacast.net/f24_hlslive_ar/smil:iphone.fr24ar.smil/playlist.m3u8</link>
	</item>
</streaminginfo>
<streaminginfo>
    	<cname>France 24</cname>
	<item>
	<title>English</title>
	<link>http://vipwowza.yacast.net/f24_hlslive_en/smil:iphone.fr24en.smil/playlist.m3u8</link>
	</item>
</streaminginfo>

<streaminginfo>
    	<cname>France 24</cname>
	<item>
	<title>France</title>
	<link>http://vipwowza.yacast.net/f24_hlslive_fr/smil:iphone.fr24fr.smil/playlist.m3u8</link>
	</item>
</streaminginfo>

<streaminginfo>
    	<cname>France 24 FR</cname>
	<item>
	<title>France</title>
	<link>http://vipwowza.yacast.net/f24_hlslive_fr/smil:iphone.fr24fr.smil/playlist.m3u8</link>
	</item>
</streaminginfo>









<streaminginfo>
        <cname>LBC</cname>
	<item>
	<title>itworkscdn Source</title>
	<link>rtmp://livestreaming.itworkscdn.net/lbclive playpath=lbc_1 swfUrl=http://www.lbcgroup.tv/livemedia4/jwplayer.flash.swf pageUrl=http://www.lbcgroup.tv/watch-lbci-live</link>
	</item>
</streaminginfo>

<streaminginfo>
        <cname>MTV</cname>
	<item>
	<title>itworkscdn Low</title>
	<link>rtmp://livestreaming1.itworkscdn.net/mtvlive playpath=murrtelevision_160p swfUrl=http://mtv.com.lb/Player/400/jwplayer.flash.swf pageUrl=http://mtv.com.lb/Player/600/400</link>
	</item>
</streaminginfo>

<streaminginfo>
        <cname>MTV</cname>
	<item>
	<title>itworkscdn Med</title>
	<link>rtmp://livestreaming1.itworkscdn.net/mtvlive playpath=murrtelevision_240p swfUrl=http://mtv.com.lb/Player/400/jwplayer.flash.swf pageUrl=http://mtv.com.lb/Player/600/400</link>
	</item>
</streaminginfo>

<streaminginfo>
        <cname>MTV</cname>
	<item>
	<title>itworkscdn High</title>
	<link>rtmp://livestreaming1.itworkscdn.net/mtvlive playpath=murrtelevision_360p swfUrl=http://mtv.com.lb/Player/400/jwplayer.flash.swf pageUrl=http://mtv.com.lb/Player/600/400</link>
	</item>
</streaminginfo>

<streaminginfo>
        <cname>Al Manar</cname>
	<item>
	<title>38.96 source</title>
	<link>rtmp://38.96.148.200/live/livestream playpath=livestream conn=S:OK swfUrl=http://wwitv.com/player/player15.swf live=1 pageUrl=http://wwitv.com/tv_channels/7668.htm</link>
	</item>
</streaminginfo>
<streaminginfo>
        <cname>Mekamleen</cname>
	<item>
	<title>85.111 Source</title>
	<link>rtmp://85.111.14.52/r_mekameleen?a2V5bGl2ZTY5LTE4MC0yNDYtMTA0MjAxNC0wNS0xNC0yMC01OS0wMQ==/live1</link>
	</item>
</streaminginfo>












<streaminginfo>
        <cname>Dubai One</cname>
	<item>
	<title>You need to install f4m_tester addon from Shani Repo</title>
	<link>plugin://plugin.video.f4mTester/?url=http://cdnedvrdubaione.endavomedia.com/smil:dmilivedubaione.smil/manifest.f4m</link>
	</item>
</streaminginfo>


<streaminginfo>
        <cname>Moga Comedy</cname>
	<item>
	<title>you need to install Justin addons</title>
	<link>plugin://plugin.video.jtv.archives/?mode=get_channel&amp;name=20satttt&amp;play=1</link>
	</item>
</streaminginfo>

<streaminginfo>
        <cname>Al Hiwar</cname>
	<item>
	<title>185.2 Source</title>
	<link>rtmp://185.2.136.148:1935/livepkgr playpath=livestream swfUrl=http://fpdownload.adobe.com/strobe/FlashMediaPlayback.swf/[[DYNAMIC]]/1 live=1 pageUrl=http://habbabi.com/alhiwar-tv-live.aspx</link>
	</item>
</streaminginfo>

<streaminginfo>
        <cname>Alasr</cname>
	<item>
	<title>Mobi Source</title>
	<link>http://xtvalasrx.api.channel.livestream.com/3.0/playlist.m3u8</link>
	</item>
</streaminginfo>
<streaminginfo>
        <cname>Sudan TV</cname>
	<item>
	<title>Ukk Source</title>
	<link>http://ukk.live.net.sa:1935/live/africatv3/playlist.m3u8</link>
	</item>
</streaminginfo>

<streaminginfo>
        <cname>Sudan TV</cname>
	<item>
	<title>Ukk Source</title>
	<link>http://ukk.live.net.sa:1935/live/africatv/playlist.m3u8</link>
	</item>
</streaminginfo>


<streaminginfo>
        <cname>MBC 2</cname>
	<item>
	<title>Marocforum Source Low quality</title>
	<link>http://www.vlc.eu.pn@live-f01.vustream.net/live/livestream2/marocforum.m3u8</link>
	</item>
</streaminginfo>

<streaminginfo>
        <cname>Fatafeat</cname>
	<item>
	<title>Marocforum Source</title>
	<link>http://www.vlc.eu.pn@live-f01.vustream.net/live/livestream3/marocforum.m3u8</link>
	</item>
</streaminginfo>

<streaminginfo>
        <cname>Fatafeat</cname>
	<item>
	<title>212.179 Source</title>
	<link>http://212.179.77.42/live/livestream3/gmswf.m3u8</link>
	</item>
</streaminginfo>


<streaminginfo>
        <cname>Fatafeat</cname>
	<item>
	<title>Negmtv Source</title>
	<link>rtmp://live-f01.vustream.net:1935/live/livestream2</link>
	</item>
</streaminginfo>






<streaminginfo>
        <cname>Bahrain</cname>
	<item>
	<title>netromedia</title>
	<link>http://155.obj.netromedia.net/alayam/alayam/playlist.m3u8</link>
	</item>
</streaminginfo>

<streaminginfo>
        <cname>Quran TV ksa</cname>
	<item>
	<title>m3u8 Source</title>
	<link>http://46.245.160.224/mekke/mekke/chunklist_w581447799.m3u8</link>
	</item>
</streaminginfo>


















<streaminginfo>
   	<cname>Baraem</cname>
	<item>
	<title>m3u8 Source</title>
	<link>http://78.100.40.198:1935/brm/brm/gmswf.m3u8?keylive87-163-224-792014-05-18-16-28-09&amp;v=hghpl]</link>
	</item>
</streaminginfo>



<streaminginfo>
   	<cname>Melody Drama</cname>
	<item>
	<title>206</title>
	<link>rtmp://38.96.148.206/Melody/MDramaWeb</link>
	</item>
</streaminginfo>

<streaminginfo>
   	<cname>Melody Drama</cname>
	<item>
	<title>24</title>
	<link>http://38.96.148.24//MelodyDrama/MDrama_576p/playlist.m3u8</link>
	</item>
</streaminginfo>

<streaminginfo>
	<cname>Melody Drama</cname>
	<item>
	<title>26</title>
	<link>http://38.96.148.24//MelodyDrama/MDrama_576p/playlist.m3u8</link>
	</item>
</streaminginfo>

<streaminginfo>
	<cname>Melody Classic</cname>
	<item>
	<title>206</title>
	<link>rtmp://38.96.148.206/Melody/MClassicWeb</link>
	</item>
</streaminginfo>

<streaminginfo>
	<cname>Melody Classic</cname>
	<item>
	<title>24</title>
	<link>http://38.96.148.24//MelodyClassic/MClassic_576p/playlist.m3u8</link>
	</item>
</streaminginfo>
<streaminginfo>
	<cname>Melody Aflem</cname>
	<item>
	<title>206</title>
	<link>rtmp://38.96.148.206/Melody/MAflamWeb</link>
	</item>
</streaminginfo>

<streaminginfo>
	<cname>Melody Classic</cname>
	<item>
	<title>26</title>
	<link>http://38.96.148.26//MelodyClassic/MClassic_576p/playlist.m3u8</link>
	</item>
</streaminginfo>

<streaminginfo>
	<cname>Melody Aflem</cname>
	<item>
	<title>24</title>
	<link>http://38.96.148.24//MelodyAflam/MAflam_576p/playlist.m3u8</link>
	</item>
</streaminginfo>

<streaminginfo>
	<cname>Melody Aflem</cname>
	<item>
	<title>26</title>
	<link>http://38.96.148.26//MelodyAflam/MAflam_576p/playlist.m3u8</link>
	</item>
	</streaminginfo>

<streaminginfo>
		<cname>Maghreb24 Entertainment</cname>	
		<item>
			<title>Maghreb24 Entertainment</title>
			<thumbnail>http://www.maghreb24tv.com/commons/images/m24Entertainment.png</thumbnail>
			<link>rtmp://maghreb24.tv:1935/view/8_261/stream8 swfUrl=http://www.maghreb24.tv/public/flash/expressInstall.swf live=true pageUrl=http://www.television.maghreb24tv.com/m24channel.php?dsTp=OurChannels&amp;dsId=136&amp;lang=fr</link>
		</item>
	</streaminginfo>


	<streaminginfo>
		<cname>Melody Hits</cname>	
		<item>
			<title>Melody Hits.206</title>
			<thumbnail>https://lh3.ggpht.com/-DE3GqoUaC4g/UuNmaROcywI/AAAAAAAABDM/trn-g__hU7M/s1600/melody_hits.png</thumbnail>
			<link>rtmp://38.96.148.206/Melody/ playpath=MHitsWeb swfUrl=http://p.jwpcdn.com/6/7/jwplayer.flash.swf pageUrl=http://freetv247.com/content/melody-hits-channel live=1 timeout=15</link>
		</item>
	</streaminginfo>


	<streaminginfo>
		<cname>Melody Hits</cname>	
		<item>
			<title>Melody Hits.206</title>
			<thumbnail>https://lh3.ggpht.com/-DE3GqoUaC4g/UuNmaROcywI/AAAAAAAABDM/trn-g__hU7M/s1600/melody_hits.png</thumbnail>
			<link>rtmp://38.96.148.206/Melody/ playpath=MHitsWeb swfUrl=http://p.jwpcdn.com/6/7/jwplayer.flash.swf pageUrl=http://freetv247.com/content/melody-hits-channel live=1 timeout=15</link>
		</item>
	</streaminginfo>

	<streaminginfo>
		<cname>Melody Hits</cname>

		<item>
			<title>Melody Hits .24 sab9a</title>
			<thumbnail>https://lh3.ggpht.com/-DE3GqoUaC4g/UuNmaROcywI/AAAAAAAABDM/trn-g__hU7M/s1600/melody_hits.png</thumbnail>
			<link>http://38.96.148.24//MelodyHits/MHits_576p/playlist.m3u8</link>
		</item>
	</streaminginfo>

        	<streaminginfo>
        
		<cname>Echorouk Tv</cname>
        <item>
    <title>Echorouk Tv</title>
<link>rtmp://live.echoroukonline.com/live/EchoroukTV</link>
<thumbnail></thumbnail>
</item>
</streaminginfo>

    	<streaminginfo>
        
		<cname>Al Baghdadia Drama</cname>
        <item>
    <title>Al Baghdadia 2</title>
<link>rtmp://cp88746.live.edgefcs.net:1935/live playpath=ALBAG_2_248@180445 swfUrl=http://player.longtailvideo.com/player.swf live=true timeout=15 pageUrl=http://freetv247.com/tags/al-baghdadia-2-live-tv</link>
<thumbnail>http://a1.mzstatic.com/us/r1000/107/Purple/cf/aa/5c/mzl.bjffmkul.jpg</thumbnail>
</item>
</streaminginfo>
	<streaminginfo>
		<cname>Melody Arabia</cname>

		<item>
			<title>Melody arabia HD.24 sab9a</title>
			<thumbnail>http://www.lyngsat-logo.com/hires/mm/melody_arabia.png</thumbnail>
			<link>http://38.96.148.24/MelodyArabia/MArabia_576p/playlist.m3u8</link>
		</item>
	</streaminginfo>

	<streaminginfo>
		<cname>Melody Arabia</cname>

		<item>
			<title>Melody arabia HD.206</title>
			<thumbnail>http://www.lyngsat-logo.com/hires/mm/melody_arabia.png</thumbnail>
			<link>rtmp://38.96.148.206/Melody/ playpath=MArabiaWeb swfUrl=http://p.jwpcdn.com/6/7/jwplayer.flash.swf pageUrl=http://freetv247.com/content/melody-hits-channel live=1 swfVfy=1 timeout=15</link>
		</item>
	</streaminginfo>
	<streaminginfo>
		<cname>Al Magharibia</cname>

		<item>
			<title>Al Magharibia (Direct)</title>
			<thumbnail>http://almagharibia.tv/neue/web/assets/almagharibia.png</thumbnail>
			<link>rtmp://37.130.230.45/livepkgr/ playpath=livestream swfUrl=http://p.jwpcdn.com/6/8/jwplayer.flash.swf live=true timeout=15 pageUrl=http://almagharibia.tv/livestream</link>
		</item>
	</streaminginfo>
	<streaminginfo>
  		<cname>Al Hadath</cname>
		<item>
			<title>you need to install Justin addons</title>
			<link>plugin://plugin.video.jtv.archives/?mode=get_channel&amp;name=alhadathtv&amp;play=1</link>
		</item>
	</streaminginfo>
	<streaminginfo>
  		<cname>LCI</cname>
		<item>
			<title>edgefcs</title>
			<link>rtmp://cp84002.live.edgefcs.net/live playpath=eTF1-LCI-Flash-Int@15274 swfUrl=http://www.wat.tv/images/v40/PlayerWat.swf?revision=4.0.46 swfVfy=true live=true timeout=15</link>
		</item>
	</streaminginfo>
</streamingInfos>
