<?xml version="1.0" encoding="UTF-8"?>
<addon
  id="plugin.video.cartoonarabi"
  version="1.0.0"
  name="CARTOONARABIC "
  provider-name="Bisha">
  <requires>
    <import addon="xbmc.python"
            version="2.1.0"/>
  </requires>
  <extension point="xbmc.python.pluginsource"
             library="default.py">
    <provides>video</provides>
  </extension>
  <extension point="xbmc.addon.metadata">
    <summary>CARTOONARABIC vod Arabic plugin</summary>
    <description>CARTOONARABIC Arabic plugin</description>
   
    <platform>all</platform>
  </extension>
</addon>