<?xml version="1.0" encoding="UTF-8"?>
<addon
  id="plugin.video.arabicchannels"
  version="1.0.6"
  name="ARABIC CHANNELS"
  provider-name="Bisha">
  <requires>
    <import addon="xbmc.python"
            version="2.0"/>
  </requires>
  <extension point="xbmc.python.pluginsource"
             library="default.py">
    <provides>video</provides>
  </extension>
  <extension point="xbmc.addon.metadata">
    <summary>Arabic Channels</summary>
    <description>Arabic Channels</description>
   
    <platform>all</platform>
  </extension>
</addon>