<?xml version="1.0" encoding="UTF-8"?>
<addon id="plugin.video.AlNoorTV"
       name="Al Noor TV"
       version="1.0.0"
       provider-name="Moe">
  <requires>
    <import addon="xbmc.python" version="2.7.13"/>
    <import addon="plugin.video.vimeo" version="4.1.4"/>
  </requires>
  <extension point="xbmc.python.pluginsource"
            library="default.py">
        <provides>video</provides>
  </extension>
  <extension point="xbmc.addon.metadata">
    <summary>AlNoorTV.co</summary>
    <description>موقع النور</description>
    <platform>all</platform>
  </extension>
</addon>
