<?xml version="1.0" encoding="UTF-8"?>
<addon id="plugin.video.AlNoorTV"
       name="Al Noor TV"
       version="1.3.0"
       provider-name="Moe">
  <requires>
    <import addon="xbmc.python" version="2.7.13"/>
    <import addon="plugin.video.vimeo" version="4.1.4"/>
  </requires>
  <extension point="xbmc.python.pluginsource"
            library="default.py">
        <provides>video</provides>
  </extension>
  <extension point="xbmc.addon.metadata">
    <summary>AlNoorTV.co</summary>
    <description>موقع النور</description>
    <platform>all</platform>
    <news>
    Version 1.3.0
    - Bug fixes so the addon is back to working state
    Version 1.2.1
    - Fixed login issues preventing play item to be added
    Version 1.2.0
    - Switched to new https site https://www.alnoortv.co/
    - Added next page option for series list
    - Fixed menus to show in selected language
    - some first login enhancements 
    Version 1.0.0
    - Initial version
    </news>
  </extension>
</addon>
