<?xml version="1.0" encoding="UTF-8"?>
<addon
  id="plugin.video.dardarkom"
  version="1.2.0"
  name="DARDARKOM MOVIES"
  provider-name="Bisha">
  <requires>
    <import addon="xbmc.python"
            version="1.1"/>
  </requires>
  <extension point="xbmc.python.pluginsource"
             library="default.py">
    <provides>video</provides>
  </extension>
  <extension point="xbmc.addon.metadata">
    <summary>DARDARKOM MOVIES Arabic plugin</summary>
    <description>DARDARKOM MOVIES plugin, Arabic , Hollywood, European and Bollywood movies </description>
   
    <platform>all</platform>
  </extension>
</addon>