<?xml version="1.0" encoding="UTF-8"?>
<addon
  id="plugin.video.bokra"
  version="5.1.0"
  name="BOKRA"
  provider-name="Bisha">
  <requires>
    <import addon="xbmc.python"
            version="2.1.0"/>
  </requires>
  <extension point="xbmc.python.pluginsource"
             library="default.py">
    <provides>video</provides>
  </extension>
  <extension point="xbmc.addon.metadata">
    <summary>Bokra vod Arabic plugin</summary>
    <description>Bokra Arabic plugin. Arabic series and films VOD</description>
   
    <platform>all</platform>
  </extension>
</addon>
