<?xml version="1.0" encoding="UTF-8"?>
<addon
  id="plugin.video.arabchannels"
  version="1.0.1"
  name="Arabic Live Streams"
  provider-name="Bisha">
  <requires>
    <import addon="xbmc.python"
            version="2.0"/>
  </requires>
  <extension point="xbmc.python.pluginsource"
             library="default.py">
    <provides>video</provides>
  </extension>
  <extension point="xbmc.addon.metadata">
    <summary>Arabic TV channels from different providers</summary>
    <description>Arabic TV channels from different providers</description>
   
    <platform>all</platform>
  </extension>
</addon>