<?xml version="1.0" encoding="UTF-8"?>
<addon
  id="plugin.video.ArabicStreamSuperCollection"
  version="1.6.0"
  name="Arabic Live Stream Super Collection"
  provider-name="Bisha">
  <requires>
    <import addon="xbmc.python"
            version="2.1.0"/>
  </requires>
  <extension point="xbmc.python.pluginsource"
             library="default.py">
    <provides>video</provides>
  </extension>
  <extension point="xbmc.addon.metadata">
    <summary>Arabic Live Stream Super Collection plugin</summary>
    <description>Arabic Live Stream Super Collection, This plugin is FREE , No one is permitted to sell it</description>
   
    <platform>all</platform>
  </extension>
</addon>