<?xml version="1.0" encoding="UTF-8"?>
<addon
  id="plugin.video.alqudseyes"
  version="1.1.0"
  name="Alqudseyes"
  provider-name="Bisha">
  <requires>
    <import addon="xbmc.python"
            version="1.1"/>
  </requires>
  <extension point="xbmc.python.pluginsource"
             library="default.py">
    <provides>video</provides>
  </extension>
  <extension point="xbmc.addon.metadata">
    <summary>Alqudseyes vod Arabic plugin</summary>
    <description>Alqudseyes Arabic plugin. This plugin is completely FREE , Please DO NOT buy any products from “http://tvtoyz.com/”</description>
   
    <platform>all</platform>
  </extension>
</addon>