<?xml version="1.0" encoding="UTF-8" standalone="yes"?>
<addon id="plugin.video.sotwesoora.tv"
       name="Sotwesoora.tv"
       version="1.0.1"
       provider-name="hadynz">
    <requires>
        <import addon="xbmc.python" version="2.0"/>
        <import addon="script.module.beautifulsoup" version="3.0.8"/>
    </requires>
    <extension point="xbmc.python.pluginsource"
               library="default.py">
        <provides>video</provides>
    </extension>
    <extension point="xbmc.addon.metadata">
        <summary>Sotwesoora.tv</summary>
        <description>Sotwesoora.tv plugin for XBMC. Scrapes Arabic movies from the famous online service.</description>
        <platform>all</platform>
    </extension>
</addon>
