<?xml version="1.0" encoding="UTF-8"?>
<addon
  id="plugin.video.dubaitv"
  version="1.1.0"
  name="DUBAI TV"
  provider-name="Bisha">
  <requires>
    <import addon="xbmc.python"
            version="1.1"/>
  </requires>
  <extension point="xbmc.python.pluginsource"
             library="default.py">
    <provides>video</provides>
  </extension>
  <extension point="xbmc.addon.metadata">
    <summary>DUBAI TV vod Arabic plugin</summary>
    <description>DUBAI TV Arabic plugin, This plugin is FREE , No one is permitted to sell it</description>
   
    <platform>all</platform>
  </extension>
</addon>