<streamingInfos>

    <streaminginfo>
		<cname>Bein Sport News</cname>
		<item>
			<title>Bein Sport News </title>
			<link>http://85.91.143.23:1935/23688/23688.stream/playlist.m3u8</link>
		</item>
	</streaminginfo>
	
	<streaminginfo>
		<cname>Bein Sport 1</cname>
		<item>
			<title>@zombixbmc on</title>
			<link>http://free:free@matchfree1to10.no-ip.net/40.ch</link>
		</item>
	</streaminginfo>
	
	<streaminginfo>
		<cname>Bein Sport 1</cname>
		<item>
			<title>@zombixbmc off</title>
			<link>rtmpe://46.246.124.38:1935/redirect playpath=BST1 swfUrl=http://www.hdcast.org/aplayer/jwplayer.flash.swf live=1 pageUrl=http://www.hdcast.org/</link>
		</item>
	</streaminginfo>
	
	<streaminginfo>
		<cname>Bein Sport 1</cname>
		<item>
			<title>@zombixbmc on</title>
			<link>rtmp://31.220.0.82:1935/live playpath=b1r swfUrl=http://www.eucast.tv/player5.9.swf live=1 pageUrl=http://www.eucast.tv/</link>
		</item>
	</streaminginfo>
	
	<streaminginfo>
		<cname>Bein Sport 1</cname>
		<item>
			<title>@zombixbmc </title>
			<link>http://iptvfannansat.dyndns.tv/32204d1bc5/b33d0c2254/1.ch</link>
		</item>
	</streaminginfo>
	
	
	
	<streaminginfo>
		<cname>Bein Sport 2</cname>
		<item>
			<title>@zombixbmc off</title>
			<link>rtmpe://46.246.124.38:1935/redirect playpath=BST2 swfUrl=http://www.hdcast.org/aplayer/jwplayer.flash.swf live=1 pageUrl=http://www.hdcast.org/</link>
		</item>
	</streaminginfo>
	
	<streaminginfo>
		<cname>Bein Sport 2</cname>
		<item>
	   	      <title>@zombixbmc  on</title>
		      <link>rtmp://31.220.0.134:1935/live playpath=b2r swfUrl=http://www.eucast.tv/player5.9.swf live=1 pageUrl=http://www.eucast.tv/</link>
		</item>
	</streaminginfo>
	
	<streaminginfo>
		<cname>Bein Sport 2</cname>
		<item>
			<title>@zombixbmc </title>
			<link>http://iptvfannansat.dyndns.tv/32204d1bc5/b33d0c2254/2.ch</link>
		</item>
	</streaminginfo>
	
	<streaminginfo>
		<cname>Bein Sport 2</cname>
		<item>
	   	        <title>@zombixbmc  ustream off</title>
		        <link>http://iphone-streaming.ustream.tv/ustreamVideo/17976099/streams/live/playlist.m3u8</link>
		</item>
	</streaminginfo>
	
	<streaminginfo>
		<cname>Bein Sport 3</cname>
		<item>
			<title>@zombixbmc</title>
			<link>rtmpe://46.246.124.38:1935/redirect playpath=BST3 swfUrl=http://www.hdcast.org/aplayer/jwplayer.flash.swf live=1 pageUrl=http://www.hdcast.org/</link>
		</item>
	</streaminginfo>
	
	<streaminginfo>
		<cname>Bein Sport 3</cname>
		<item>
	   	        <title>@zombixbmc  on</title>
		        <link>rtmp://31.220.0.134:1935/live playpath=b3r swfUrl=http://www.eucast.tv/player5.9.swf live=1 pageUrl=http://www.eucast.tv/</link>
		</item>
	</streaminginfo>
	
	<streaminginfo>
		<cname>Bein Sport 3</cname>
		<item>
			<title>@zombixbmc </title>
			<link>http://iptvfannansat.dyndns.tv/32204d1bc5/b33d0c2254/3.ch</link>
		</item>
	</streaminginfo>
	
	<streaminginfo>
		<cname>Bein Sport 4</cname>
		<item>
			<title>@zombixbmc</title>
			<link>rtmpe://46.246.124.38:1935/redirect playpath=BST4 swfUrl=http://www.hdcast.org/aplayer/jwplayer.flash.swf live=1 pageUrl=http://www.hdcast.org/</link>
		</item>
	</streaminginfo>
	
	<streaminginfo>
		<cname>Bein Sport 4</cname>
		<item>
			<title>@zombixbmc on</title>
			<link>rtmp://31.220.0.134:1935/live playpath=bb4 swfUrl=http://www.eucast.tv/player5.9.swf live=1 pageUrl=http://www.eucast.tv/</link>
		</item>
	</streaminginfo>
	
	<streaminginfo>
		<cname>Bein Sport 4</cname>
		<item>
			<title>@zombixbmc </title>
			<link>http://iptvfannansat.dyndns.tv/32204d1bc5/b33d0c2254/4.ch</link>
		</item>
	</streaminginfo>
	
	<streaminginfo>
		<cname>Bein Sport 5</cname>
		<item>
			<title>@zombixbmc</title>
			<link>rtmpe://46.246.124.38:1935/redirect playpath=BST5 swfUrl=http://www.hdcast.org/aplayer/jwplayer.flash.swf live=1 pageUrl=http://www.hdcast.org/</link>
		</item>
	</streaminginfo>
	
	<streaminginfo>
		<cname>Bein Sport 5 </cname>
		<item>
			<title>@zombixbmc on</title>
			<link>rtmp://31.220.0.82:1935/live playpath=b5r swfUrl=http://www.eucast.tv/player5.9.swf live=1 pageUrl=http://www.eucast.tv/</link>
		</item>
	</streaminginfo>
	
	<streaminginfo>
		<cname>Bein Sport 5</cname>
		<item>
			<title>@zombixbmc </title>
			<link>http://iptvfannansat.dyndns.tv/32204d1bc5/b33d0c2254/5.ch</link>
		</item>
	</streaminginfo>
	
	<streaminginfo>
		<cname>Bein Sport 6</cname>
		<item>
			<title>@zombixbmc</title>
			<link>rtmpe://46.246.124.38:1935/redirect playpath=BST6 swfUrl=http://www.hdcast.org/aplayer/jwplayer.flash.swf live=1 pageUrl=http://www.hdcast.org/</link>
		</item>
	</streaminginfo>
	
	<streaminginfo>
		<cname>Bein Sport 6</cname>
		<item>
			<title>@zombixbmc on</title>
			<link>rtmp://31.220.0.134:1935/live playpath=bein altechnoe.comxx6 swfUrl=http://www.eucast.tv/player5.9.swf live=1 pageUrl=http://www.eucast.tv/</link>
		</item>
	</streaminginfo>
	
	<streaminginfo>
		<cname>Bein Sport 6</cname>
		<item>
			<title>@zombixbmc </title>
			<link>http://iptvfannansat.dyndns.tv/32204d1bc5/b33d0c2254/6.ch</link>
		</item>
	</streaminginfo>
	
	<streaminginfo>
		<cname>Bein Sport 7</cname>
		<item>
			<title>@zombixbmc</title>
			<link>rtmpe://46.246.124.38:1935/redirect playpath=BST7 swfUrl=http://www.hdcast.org/aplayer/jwplayer.flash.swf live=1 pageUrl=http://www.hdcast.org/</link>
		</item>
	</streaminginfo>
	
	<streaminginfo>
		<cname>Bein Sport 7</cname>
		<item>
			<title>@zombixbmc </title>
			<link>http://iptvfannansat.dyndns.tv/32204d1bc5/b33d0c2254/7.ch</link>
		</item>
	</streaminginfo>
	
	<streaminginfo>
		<cname>Bein Sport 8</cname>
		<item>
			<title>@zombixbmc</title>
			<link>rtmpe://46.246.124.38:1935/redirect playpath=BST8 swfUrl=http://www.hdcast.org/aplayer/jwplayer.flash.swf live=1 pageUrl=http://www.hdcast.org/</link>
		</item>
	</streaminginfo>
	
	<streaminginfo>
		<cname>Bein Sport 8</cname>
		<item>
			<title>@zombixbmc on</title>
			<link>rtmp://31.220.0.82:1935/live playpath=b8r swfUrl=http://www.eucast.tv/player5.9.swf live=1 pageUrl=http://www.eucast.tv/</link>
		</item>
	</streaminginfo>
	
	<streaminginfo>
		<cname>Bein Sport 8</cname>
		<item>
			<title>@zombixbmc </title>
			<link>http://iptvfannansat.dyndns.tv/32204d1bc5/b33d0c2254/8.ch</link>
		</item>
	</streaminginfo>
	
	<streaminginfo>
		<cname>Bein Sport 9</cname>
		<item>
			<title>@zombixbmc </title>
			<link>http://iptvserver.is-by.us/iptv-panal/free-v3/free-v3/14.ch</link>
		</item>
	</streaminginfo>
	
	<streaminginfo>
		<cname>Bein Sport 9</cname>
		<item>
			<title>@zombixbmc </title>
			<link>http://iptvfannansat.dyndns.tv/32204d1bc5/b33d0c2254/9.ch</link>
		</item>
	</streaminginfo>
	
	<streaminginfo>
		<cname>Bein Sport 9</cname>
		<item>
			<title>@zombixbmc OFF</title>
			<link>rtmpe://46.246.124.13:1935/redirect playpath=BST9 swfUrl=http://www.hdcast.org/aplayer/jwplayer.flash.swf live=1 pageUrl=http://www.hdcast.org/</link>
		</item>
	</streaminginfo>
	
	<streaminginfo>
		<cname>Bein Sport 9</cname>
		<item>
			<title>@zombixbmc  </title>
			<link>http://iptvserver.is-by.us/iptv-panal/free-v3/free-v3/15.ch</link>
		</item>
	</streaminginfo>
	
	<streaminginfo>
		<cname>Bein Sport 10</cname>
		<item>
			<title>@zombixbmc OFF</title>
			<link>rtmpe://46.246.124.13:1935/redirect playpath=BST10 swfUrl=http://www.hdcast.org/aplayer/jwplayer.flash.swf live=1 pageUrl=http://www.hdcast.org/</link>
		</item>
	</streaminginfo>
	
	<streaminginfo>
		<cname>Bein Sport 10</cname>
		<item>
			<title>@zombixbmc </title>
			<link>http://iptvfannansat.dyndns.tv/32204d1bc5/b33d0c2254/10.ch</link>
		</item>
	</streaminginfo>
	
	<streaminginfo>
		<cname>Bein Sport 11</cname>
		<item>
			<title>@zombixbmc</title>
			<link>rtmpe://46.246.124.13:1935/redirect playpath=BST11 swfUrl=http://www.hdcast.org/aplayer/jwplayer.flash.swf live=1 pageUrl=http://www.hdcast.org/</link>
		</item>
	</streaminginfo>
	
	<streaminginfo>
		<cname>Bein Sport 11</cname>
		<item>
			<title>@zombixbmc on</title>
			<link>rtmp://31.220.0.82:1935/live playpath=b11r swfUrl=http://www.eucast.tv/player5.9.swf live=1 pageUrl=http://www.eucast.tv/</link>
		</item>
	</streaminginfo>
	
	<streaminginfo>
		<cname>Bein Sport 11</cname>
		<item>
			<title>@zombixbmc </title>
			<link>http://iptvfannansat.dyndns.tv/32204d1bc5/b33d0c2254/11.ch</link>
		</item>
	</streaminginfo>
	
	<streaminginfo>
		<cname>Bein Sport 12</cname>
		<item>
			<title>@zombixbmc</title>
			<link>rtmpe://46.246.124.13:1935/redirect playpath=BST12 swfUrl=http://www.hdcast.org/aplayer/jwplayer.flash.swf live=1 pageUrl=http://www.hdcast.org/</link>
		</item>
	</streaminginfo>
	
	<streaminginfo>
		<cname>Bein Sport 12</cname>
		<item>
			<title>@zombixbmc</title>
			<link>rtmp://31.220.0.134:1935/live playpath=b12r swfUrl=http://www.eucast.tv/player5.9.swf live=1 pageUrl=http://www.eucast.tv/</link>
		</item>
	</streaminginfo>
	
	<streaminginfo>
		<cname>Bein Sport 12</cname>
		<item>
			<title>@zombixbmc </title>
			<link>http://iptvfannansat.dyndns.tv/32204d1bc5/b33d0c2254/12.ch</link>
		</item>
	</streaminginfo>
	
	<streaminginfo>
		<cname>Bein Sport 13</cname>
		<item>
			<title>@zombixbmc</title>
			<link>rtmpe://46.246.124.13:1935/redirect playpath=BST13 swfUrl=http://www.hdcast.org/aplayer/jwplayer.flash.swf live=1 pageUrl=http://www.hdcast.org/</link>
		</item>
	</streaminginfo>
	
	<streaminginfo>
		<cname>Bein Sport 13</cname>
		<item>
			<title>@zombixbmc </title>
			<link>http://iptvfannansat.dyndns.tv/32204d1bc5/b33d0c2254/13.ch</link>
		</item>
	</streaminginfo>
	
	<streaminginfo>
		<cname>Bein Sport 14</cname>
		<item>
			<title>@zombixbmc</title>
			<link>rtmpe://46.246.124.13:1935/redirect playpath=BST14 swfUrl=http://www.hdcast.org/aplayer/jwplayer.flash.swf live=1 pageUrl=http://www.hdcast.org/</link>
		</item>
	</streaminginfo>
	
	<streaminginfo>
		<cname>Bein Sport 14</cname>
		<item>
			<title>@zombixbmc </title>
			<link>http://iptvfannansat.dyndns.tv/32204d1bc5/b33d0c2254/14.ch</link>
		</item>
	</streaminginfo>
	
	<streaminginfo>
		<cname>Bein Sport 15</cname>
		<item>
			<title>@zombixbmc</title>
			<link>rtmpe://46.246.124.13:1935/redirect playpath=BST15 swfUrl=http://www.hdcast.org/aplayer/jwplayer.flash.swf live=1 pageUrl=http://www.hdcast.org/</link>
		</item>
	</streaminginfo>
	
	<streaminginfo>
		<cname>Bein Sport 15</cname>
		<item>
			<title>@zombixbmc </title>
			<link>http://iptvfannansat.dyndns.tv/32204d1bc5/b33d0c2254/15.ch</link>
		</item>
	</streaminginfo>
	
	<streaminginfo>
		<cname>BAHRAIN SPORTS</cname>
		<item>
			<title>BAHRAIN SPORTS</title>
			<link>rtmp://alayam.netromedia.net/btv3/btv3</link>
		</item>
	</streaminginfo>
	
	<streaminginfo>
		<cname>Nile Sport</cname>
		<item>
			<title>Nile Sport</title>
			<link>rtmp://livestreaming4.onlinehorizons.net/NTNNileSport playpath=livestream swfUrl=http://niletc.tv/player/player.swf live=1 pageUrl=http://niletc.tv/stream.php?ch=sport</link>
		</item>
	</streaminginfo>
	
	<streaminginfo>
		<cname>KTV SPORT</cname>
		<item>
			<title>KTV SPORT</title>
			<link>rtmp://62.215.183.1/rtmplive/rtpencoder/ch3.sdp</link>
		</item>
	</streaminginfo>
	
	<streaminginfo>
		<cname>Al Resoul TV</cname>
		<item>
			<title>Al Resoul TV</title>
			<link>http://iphone-streaming.ustream.tv/ustreamVideo/12677236/streams/live?v=720p/playlist.m3u8</link>
		</item>
	</streaminginfo>
	
	<streaminginfo>
	
		<cname>AL EQTESADIA TVC</cname>
		<item>
			<title>AL EQTESADIA TV</title>
			<link>mms://38.96.148.75/Eqtisadia</link>
		</item>
	</streaminginfo>
	<streaminginfo>
		<cname>ANN</cname>
		<item>
			<title>ANN</title>
			<link>rtmp://ns8.indexforce.com/ann/ann</link>
		</item>
	</streaminginfo>
	<streaminginfo>
		<cname>Al Sharqiya News</cname>
		<item>
			<title>Al Sharqiya News</title>
			<link>rtmp://ns8.indexforce.com/alsharqiyalive/mystream</link>
		</item>
	</streaminginfo>
	<streaminginfo>
		<cname>France 24 ARABIC</cname>
		<item>
			<title>France 24 ARABIC</title>
			<link>rtmp://stream2.france24.yacast.net:80/france24_live/frda/f24_livefrda</link>
		</item>
	</streaminginfo>
	<streaminginfo>
		<cname>Alrai</cname>
		<item>
			<title>Alrai</title>
			<link>mms://62.215.216.130/wmtencoder/alrai350.wmv</link>
		</item>
	</streaminginfo>
	<streaminginfo>
		<cname>Tunisia national 1</cname>
		<item>
			<title>Tunisia national 1</title>
			<link>http://streamer.fss.tiscali.com/satchannel1/tvtunisi.stream/playlist.m3u8</link>
		</item>
	</streaminginfo>
	
	<streaminginfo>
		<cname>Tunisia national 1</cname>
		<item>
			<title>@zombixbmc</title>
			<link>http://free:free@matchfree1to10.no-ip.net/18.ch</link>
		</item>
	</streaminginfo>
	
	<streaminginfo>
		<cname>Tunisia national 2</cname>
		<item>
			<title>@zombixbmc</title>
			<link>http://free:free@matchfree1to10.no-ip.net/19.ch</link>
		</item>
	</streaminginfo>
	
	<streaminginfo>
		<cname>Tunisia national 1</cname>
		<item>
			<title>@zombixbmc</title>
			<link>http://ca-edge-1.cdn2.streamago.tv:80/streamagoedge/1052/224/playlist.m3u8</link>
		</item>
	</streaminginfo>
	<streaminginfo>
		<cname>EnnaharTV algerie</cname>
		<item>
			<title>nahar algerie</title>
			<link>rtmp://87.98.155.194/live playpath=EnnaharTV swfUrl=http://www.ennahartv.net/live/player.swf live=1 pageUrl=http://www.ennahartv.net/ar/live/</link>
		</item>
	</streaminginfo>
	
	<streaminginfo>
		<cname>nbn lebanon</cname>
		<item>
			<title>nbn lebanon</title>
			<link>rtmp://lived.nbn.com.lb/nbn?hghpl]=keylive72-229-239-1302013-08-25-05-32-36/ playpath=mpegts.stream swfUrl=http://www.elahmad.com/tv/swf/player.swf?file=nbnlb&amp;autostart=true&amp;%2F%5B0%5D%5BDYNAMIC%5D%5B0%5D pageUrl=http://www.elahmad.com/tv/nbn-lebanon.php swfVfy=true live=true timeout=15</link>
		</item>
	</streaminginfo>
	<streaminginfo>
		<cname>Kuwait</cname>
		<item>
			<title>Kuwait</title>
			<link>rtmp://62.215.183.1/rtmplive/rtpencoder/ch1.sdp</link>
		</item>
	</streaminginfo>
	<streaminginfo>
		<cname>KTV 2</cname>
		<item>
			<title>KTV 2</title>
			<link>rtmp://62.215.183.1/rtmplive/rtpencoder/ch2.sdp</link>
		</item>
	</streaminginfo>
	<streaminginfo>
		<cname>KTV ARABE</cname>
		<item>
			<title>KTV ARABE</title>
			<link>rtmp://62.215.183.1/rtmplive/rtpencoder/ch5.sdp</link>
		</item>
	</streaminginfo>
	<streaminginfo>
		<cname>KTV ETRAA</cname>
		<item>
			<title>KTV ETRAA</title>
			<link>rtmp://62.215.183.1/rtmplive/rtpencoder/ch4.sdp</link>
		</item>
	</streaminginfo>
	<streaminginfo>
		<cname>KTV PLUS</cname>
		<item>
			<title>KTV PLUS</title>
			<link>rtmp://62.215.183.1/rtmplive/rtpencoder/ch6.sdp</link>
		</item>
	</streaminginfo>
	<streaminginfo>
		<cname>Al Sharqiya</cname>
		<item>
			<title>Al Sharqiya</title>
			<link>rtmp://ns8.indexforce.com/home/mystream </link>
		</item>
	</streaminginfo>
	<streaminginfo>
		<cname>IRAQIA</cname>
		<item>
			<title>IRAQIA</title>
			<link>mms://212.7.196.74/iraqia</link>
		</item>
	</streaminginfo>
	<streaminginfo>
		<cname>ALTAGHEER TV</cname>
		<item>
			<title>ALTAGHEER TV</title>
			<link>http://stream.joinvisions.net:1935/taglive/taghier/playlist.m3u8</link>
		</item>
	</streaminginfo>
	<streaminginfo>
		<cname>AL RASHEED</cname>
		<item>
			<title>AL RASHEED</title>
			<link>mmsh://77.67.107.89/alrasheedtv?MSWMExt=.asf</link>
		</item>
	</streaminginfo>
	<streaminginfo>
		<cname>AL MASAR</cname>
		<item>
			<title>AL MASAR</title>
			<link>rtmp://msr1tv.flashmediacast.com:2071/live/livestream</link>
		</item>
	</streaminginfo>
	<streaminginfo>
		<cname>Al Majd</cname>
		<item>
			<title>Al Majd</title>
			<link>rtmp://majdg.pwlstation.com/live/majdg/ playpath=2_livestream swfUrl=http://pwlstation.com/wp-content/uploads/jw-player-plugin-for-wordpress/player/player.swf pageUrl=http://almajdtv.tv/live/#docoment swfVfy=true live=true timeout=15</link>
		</item>
	</streaminginfo>
	<streaminginfo>
		<cname>ALMAJAD ALMAIA</cname>
		<item>
			<title>ALMAJAD ALMAIA</title>
			<link>rtmp://majdsc.pwlstation.com/live/majdsc/ playpath=2_livestream swfUrl=http://pwlstation.com/wp-content/uploads/jw-player-plugin-for-wordpress/player/player.swf pageUrl=http://almajdtv.tv/live/#docoment swfVfy=true live=true timeout=15</link>
		</item>
	</streaminginfo>
	<streaminginfo>
		<cname>ALMAJD MASSAH </cname>
		<item>
			<title>ALMAJD MASSAH </title>
			<link>rtmp://majdd.pwlstation.com/live/majdd/ playpath=2_livestream swfUrl=http://pwlstation.com/wp-content/uploads/jw-player-plugin-for-wordpress/player/player.swf pageUrl=http://almajdtv.tv/live/ swfVfy=true live=true timeout=15</link>
		</item>
	</streaminginfo>
	<streaminginfo>
		<cname>Haneen Channel</cname>
		<item>
			<title>Haneen Channel</title>
			<link>mmsh://stream.watchislam.com/ramadan</link>
		</item>
	</streaminginfo>
	<streaminginfo>
		<cname>KSA 1</cname>
		<item>
			<title>KSA 1</title>
			<link>rtsp://38.96.148.74/CH1TV</link>
		</item>
	</streaminginfo>
	<streaminginfo>
		<cname>KSA 2</cname>
		<item>
			<title>KSA 2</title>
			<link>rtsp://38.96.148.74/CH2TV</link>
		</item>
	</streaminginfo>
	<streaminginfo>
		<cname>Quran TV ksa</cname>
		<item>
			<title>Quran TV ksa</title>
			<link>rtsp://38.96.148.75/Quran?MSWMExt=.asf</link>
		</item>
	</streaminginfo>
	
	<streaminginfo>
		<cname>Quran TV ksa</cname>
		<item>
			<title>@zombixbmc</title>
			<link>http://iphone-streaming.ustream.tv/ustreamVideo/17904315/streams/live/playlist.m3u8</link>
		</item>
	</streaminginfo>
	
	<streaminginfo>
		<cname>sunnah TV</cname>
		<item>
			<title>sunnah TV</title>
			<link>rtsp://38.96.148.75/Sunnah?MSWMExt=.asf</link>
		</item>
	</streaminginfo>
	<streaminginfo>
		<cname>Wesal Tv</cname>
		<item>
			<title>Wesal Tv</title>
			<link>rtmp://109.123.123.82:1935/wesal playpath=wesal1 swfUrl=http://www.elahmad.com/tv/swf/wesaltv.swf?autostart=true pageUrl=http://www.elahmad.com/tv/wesaltv.htm</link>
		</item>
	</streaminginfo>
	<streaminginfo>
		<cname>M3Ali Tv</cname>
		<item>
			<title>M3Ali Tv</title>
			<link>rtmp://free.flashwebtown.com:1935/bashaclick playpath=myStream.sdp swfUrl=http://www.elahmad.com/tv/swf/player.swf?file=m3alitv&amp;autostart=true pageUrl=http://www.elahmad.com/tv/m3alitv.php</link>
		</item>
	</streaminginfo>
	<streaminginfo>
		<cname>Nile Cinema</cname>
		<item>
			<title>Nile Cinema</title>
			<link>rtmp://livestreaming4.onlinehorizons.net/NTNNileCinema playpath=livestream swfUrl=http://niletc.tv/player/player.swf live=1 pageUrl=http://niletc.tv/stream.php?ch=cinema</link>
		</item>
	</streaminginfo>
	<streaminginfo>
		<cname>Nile Comedy</cname>
		<item>
			<title>Nile Comedy</title>
			<link>rtmp://livestreaming4.onlinehorizons.net/NTNNileComedy/ playpath=livestream swfUrl=http://niletc.tv/player/player.swf pageUrl=http://niletc.tv/stream.php?ch=comedy swfVfy=true live=true timeout=60</link>
		</item>
	</streaminginfo>
	<streaminginfo>
		<cname>Nile Family</cname>
		<item>
			<title>Nile Family</title>
			<link>rtmp://livestreaming4.onlinehorizons.net/NTNNileFamily playpath=livestream swfUrl=http://niletc.tv/player/player.swf live=1 pageUrl=http://niletc.tv/stream.php?ch=family</link>
		</item>
	</streaminginfo>
	<streaminginfo>
		<cname>Nile Life</cname>
		<item>
			<title>Nile Life</title>
			<link>rtmp://livestreaming4.onlinehorizons.net/NTNNileLife playpath=livestream swfUrl=http://niletc.tv/player/player.swf live=1 pageUrl=http://niletc.tv/stream.php?ch=life</link>
		</item>
	</streaminginfo>
	<streaminginfo>
		<cname>Nile Drama</cname>
		<item>
			<title>Nile Drama</title>
			<link>rtmp://livestreaming4.onlinehorizons.net/NTNNileDrama playpath=livestream?ch=drama swfUrl=http://ntn.onlinehorizons.net/player/player.swf pageUrl=http://www.ntnegypt.net/stream.php live=1</link>
		</item>
	</streaminginfo>
	<streaminginfo>
		<cname>I Film</cname>
		<item>
			<title>I Film</title>
			<link>mms://93.190.24.114/ifilmtv</link>
		</item>
	</streaminginfo>
	<streaminginfo>
		<cname>ALMAJD KIDS </cname>
		<item>
			<title>ALMAJD KIDS </title>
			<link>rtmp://majdb.pwlstation.com/live/majdb/ playpath=2_livestream swfUrl=http://pwlstation.com/wp-content/uploads/jw-player-plugin-for-wordpress/player/player.swf pageUrl=http://almajdtv.tv/live/ swfVfy=true live=true timeout=15</link>
		</item>
	</streaminginfo>
	<streaminginfo>
		<cname>ALMAJD KIDS 2</cname>
		<item>
			<title>ALMAJD KIDS 2</title>
			<link>rtmp://majdk.pwlstation.com/live/majdk/ playpath=2_livestream swfUrl=http://pwlstation.com/wp-content/uploads/jw-player-plugin-for-wordpress/player/player.swf pageUrl=http://almajdtv.tv/live/ swfVfy=true live=true timeout=15</link>
		</item>
	</streaminginfo>
	<streaminginfo>
		<cname>ALMAJD TAGHARID</cname>
		<item>
			<title>ALMAJD TAGHARID</title>
			<link>rtmp://majdt.pwlstation.com/live/majdt/ playpath=2_livestream swfUrl=http://pwlstation.com/wp-content/uploads/jw-player-plugin-for-wordpress/player/player.swf pageUrl=http://almajdtv.tv/live/ swfVfy=true live=true timeout=15</link>
		</item>
	</streaminginfo>
	<streaminginfo>
		<cname>ALMAJD RODA</cname>
		<item>
			<title>ALMAJD RODA</title>
			<link>rtmp://majdr.pwlstation.com/live/majdr/ playpath=2_livestream swfUrl=http://pwlstation.com/wp-content/uploads/jw-player-plugin-for-wordpress/player/player.swf pageUrl=http://almajdtv.tv/live/ swfVfy=true live=true timeout=15</link>
		</item>
	</streaminginfo>
	<streaminginfo>
		<cname>ALMAJD DOC</cname>
		<item>
			<title>ALMAJD DOC</title>
			<link>rtmp://majddoc.pwlstation.com/live/majddoc/ playpath=2_livestream swfUrl=http://pwlstation.com/wp-content/uploads/jw-player-plugin-for-wordpress/player/player.swf pageUrl=http://almajdtv.tv/live/ swfVfy=true live=true timeout=15</link>
		</item>
	</streaminginfo>
	<streaminginfo>
		<cname>ALMAJD NATURE</cname>
		<item>
			<title>ALMAJD NATURE</title>
			<link>rtmp://majdnat.pwlstation.com/live/majdnat/ playpath=2_livestream swfUrl=http://pwlstation.com/wp-content/uploads/jw-player-plugin-for-wordpress/player/player.swf pageUrl=http://almajdtv.tv/live/#docoment swfVfy=true live=true timeout=15</link>
		</item>
	</streaminginfo>
	<streaminginfo>
		<cname>DISCOVERY CHANNEL</cname>
		<item>
			<title>DISCOVERY CHANNEL</title>

			<link>http://m24.megafun.vn/live.vs?c=vstv044&amp;q=high</link>
		</item>
	</streaminginfo>
	<streaminginfo>
		<cname>Nile Culture</cname>
		<item>
			<title>Nile Culture</title>
			<link>rtmp://livestreaming4.onlinehorizons.net/NTNNileCulture playpath=livestream swfUrl=http://niletc.tv/player/player.swf live=1 pageUrl=http://niletc.tv/stream.php?ch=culture</link>
		</item>
	</streaminginfo>
	<streaminginfo>
		<cname>Nile Learning</cname>
		<item>
			<title>Nile Learning</title>
			<link>rtmp://livestreaming4.onlinehorizons.net/Learning1 playpath=livestream swfUrl=http://niletc.tv/player/player.swf live=1 pageUrl=http://niletc.tv/stream.php?ch=Learning</link>
		</item>
	</streaminginfo>
	<streaminginfo>
		<cname>I-TELE</cname>
		<item>
			<title>I-TELE</title>
			<link>http://chkg.tdf-cdn.com/6317/02.m3u8</link>
		</item>
	</streaminginfo>
	
	<streaminginfo>
		<cname>I-TELE</cname>
		<item>
			<title>@zombixbmc</title>
			<link>rtmp://$doregex[url] app=live/$doregex[key] playpath=1726.high.stream swfUrl=http://www.filmon.com/tv/modules/FilmOnTV/files/flashapp/filmon/FilmonPlayer.swf pageUrl=http://www.filmon.com live=true timeout=15</link>
            <regex>
             <name>url</name>
              <expres>rtmp:....([^\\]*)</expres>
               <page>http://www.filmon.com/tv/channel/export?channel_id=1726</page>
            </regex>
            <regex>
            <name>key</name>
               <expres>rtmp[^?]*(\?id=[^"]*)</expres>
                 <page>http://www.filmon.com/tv/channel/export?channel_id=1726</page>
            </regex>
		</item>
		
	</streaminginfo>
	
	<streaminginfo>
		<cname>D8</cname>
		<item>
			<title>D8</title>
			<link>http://chkg.tdf-cdn.com/6318/02.m3u8</link>
		</item>
	</streaminginfo>
	<streaminginfo>
		<cname>D17</cname>
		<item>
			<title>D17</title>
			<link>http://chkg.tdf-cdn.com/6319/02.m3u8</link>
		</item>
	</streaminginfo>
	<streaminginfo>
		<cname>France 24 FR</cname>
		<item>
			<title>France 24 FR</title>
			<link>http://tv.flux.france24.com/4684/02.m3u8</link>
		</item>
	</streaminginfo>
	<streaminginfo>
		<cname>GULLI</cname>
		<item>
			<title>GULLI</title>
			<link>http://vipwowza.yacast.net/gulli_live/_definst_/gulli_850.stream/hasbahca.m3u8</link>
		</item>
	</streaminginfo>
	
	<streaminginfo>
		<cname>FRANCE 0</cname>
		<item>
			<title>@zombixbmc </title>
			<link>http://free:free@matchfree1to10.no-ip.net/33.ch</link>
		</item>
	</streaminginfo>
	
	<streaminginfo>
		<cname>FRANCE 0</cname>
		<item>
			<title>FRANCE 0</title>
			<link>mmsh://wm.live.tv-radio.com/bouygues/all/channel5.wmv?MSWMExt=.asf</link>
		</item>
	</streaminginfo>
	
	<streaminginfo>
		<cname>FRANCE 2</cname>
		<item>
			<title>@zombixbmc -high filmon</title>
			<link>rtmp://$doregex[url] app=live/$doregex[key] playpath=1717.high.stream swfUrl=http://www.filmon.com/tv/modules/FilmOnTV/files/flashapp/filmon/FilmonPlayer.swf pageUrl=http://www.filmon.com live=true timeout=15</link>
   <regex>
     <name>url</name>
     <expres>rtmp:....([^\\]*)</expres>
     <page>http://www.filmon.com/tv/channel/export?channel_id=1717</page>
   </regex>
   <regex>
     <name>key</name>
     <expres>rtmp[^?]*(\?id=[^"]*)</expres>
     <page>http://www.filmon.com/tv/channel/export?channel_id=1717</page>
   </regex>
		</item>
	</streaminginfo>
	<streaminginfo>
		<cname>FRANCE 2</cname>
		<item>
			<title>@zombixbmc -low filmon</title>
			<link>rtmp://$doregex[url] app=live/$doregex[key] playpath=1717.low.stream swfUrl=http://www.filmon.com/tv/modules/FilmOnTV/files/flashapp/filmon/FilmonPlayer.swf pageUrl=http://www.filmon.com live=true timeout=15</link>
   <regex>
     <name>url</name>
     <expres>rtmp:....([^\\]*)</expres>
     <page>http://www.filmon.com/tv/channel/export?channel_id=1717</page>
   </regex>
   <regex>
     <name>key</name>
     <expres>rtmp[^?]*(\?id=[^"]*)</expres>
     <page>http://www.filmon.com/tv/channel/export?channel_id=1717</page>
   </regex>
		</item>
	</streaminginfo>
	
	<streaminginfo>
		<cname>FRANCE 2</cname>
		<item>
			<title>@zombixbmc</title>
			<link>http://free:free@matchfree1to10.no-ip.net/11.ch</link>
		</item>
	</streaminginfo>
	
	<streaminginfo>
		<cname>FRANCE 2</cname>
		<item>
			<title>@zombixbmc</title>
			<link>http://free:free@matchfree1to10.no-ip.net:38000/18.ch</link>
		</item>
	</streaminginfo>
	
	<streaminginfo>
		<cname>FRANCE 2</cname>
		<item>
			<title>FRANCE 2</title>
			<link>mmsh://wm.live.tv-radio.com/bouygues/all/channel1.wmv?MSWMExt=.asf</link>
		</item>
	</streaminginfo>
	
	<streaminginfo>
		<cname>FRANCE 3</cname>
		<item>
			<title>@zombixbmc</title>
			<link>rtmp://$doregex[url] app=live/$doregex[key] playpath=1723.high.stream swfUrl=http://www.filmon.com/tv/modules/FilmOnTV/files/flashapp/filmon/FilmonPlayer.swf pageUrl=http://www.filmon.com live=true timeout=15</link>
            <regex>
             <name>url</name>
              <expres>rtmp:....([^\\]*)</expres>
               <page>http://www.filmon.com/tv/channel/export?channel_id=1723</page>
            </regex>
            <regex>
            <name>key</name>
               <expres>rtmp[^?]*(\?id=[^"]*)</expres>
                 <page>http://www.filmon.com/tv/channel/export?channel_id=1723</page>
            </regex>
		</item>
		
	</streaminginfo>
	
	<streaminginfo>
		<cname>FRANCE 3</cname>
		<item>
			<title>@zombixbmc </title>
			<link>http://free:free@matchfree1to10.no-ip.net/22.ch</link>
		</item>
	</streaminginfo>
	
	<streaminginfo>
		<cname>FRANCE 3</cname>
		<item>
			<title>FRANCE 3</title>
			<link>mmsh://wm.live.tv-radio.com/bouygues/all/channel2.wmv?MSWMExt=.asf</link>
		</item>
	</streaminginfo>
	
	<streaminginfo>
		<cname>FRANCE 4</cname>
		<item>
			<title>@zombixbmc </title>
			<link>hhttp://free:free@matchfree1to10.no-ip.net/23.ch</link>
		</item>
	</streaminginfo>
	
	<streaminginfo>
		<cname>FRANCE 4</cname>
		<item>
			<title>FRANCE 4</title>
			<link>mmsh://wm.live.tv-radio.com/bouygues/all/channel3.wmv?MSWMExt=.asf</link>
		</item>
	</streaminginfo>
	
	<streaminginfo>
		<cname>FRANCE 5</cname>
		<item>
			<title>@zombixbmc</title>
			<link>rtmp://$doregex[url] app=live/$doregex[key] playpath=1720.high.stream swfUrl=http://www.filmon.com/tv/modules/FilmOnTV/files/flashapp/filmon/FilmonPlayer.swf pageUrl=http://www.filmon.com live=true timeout=15</link>
            <regex>
             <name>url</name>
              <expres>rtmp:....([^\\]*)</expres>
               <page>http://www.filmon.com/tv/channel/export?channel_id=1720</page>
            </regex>
            <regex>
            <name>key</name>
               <expres>rtmp[^?]*(\?id=[^"]*)</expres>
                 <page>http://www.filmon.com/tv/channel/export?channel_id=1720</page>
            </regex>
		</item>
		
	</streaminginfo>
	
	<streaminginfo>
		<cname>FRANCE 5</cname>
		<item>
			<title>@zombixbmc </title>
			<link>http://free:free@matchfree1to10.no-ip.net/24.ch</link>
		</item>
	</streaminginfo>
	
	<streaminginfo>
		<cname>FRANCE 5</cname>
		<item>
			<title>FRANCE 5</title>
			<link>mmsh://wm.live.tv-radio.com/bouygues/all/channel4.wmv?MSWMExt=.asf</link>
		</item>
	</streaminginfo>
	<streaminginfo>
		<cname>arte</cname>
		<item>
			<title>arte</title>
			<link>http://frlive.artestras.cshls.lldns.net/artestras/contrib/frlive/frlive_925.m3u8 </link>
		</item>
	</streaminginfo>
	<streaminginfo>
		<cname>arte</cname>
		<item>
			<title>arte (filmon low)</title>
			<link>rtmp://$doregex[url] app=live/$doregex[key] playpath=1729.low.stream swfUrl=http://www.filmon.com/tv/modules/FilmOnTV/files/flashapp/filmon/FilmonPlayer.swf pageUrl=http://www.filmon.com live=true timeout=15</link>
   <regex>
     <name>url</name>
     <expres>rtmp:....([^\\]*)</expres>
     <page>http://www.filmon.com/tv/channel/export?channel_id=1729</page>
   </regex>
   <regex>
     <name>key</name>
     <expres>rtmp[^?]*(\?id=[^"]*)</expres>
     <page>http://www.filmon.com/tv/channel/export?channel_id=1729</page>
   </regex>
		</item>
	</streaminginfo>
	<streaminginfo>
		<cname>arte</cname>
		<item>
			<title>arte (filmon high)</title>
			<link>rtmp://$doregex[url] app=live/$doregex[key] playpath=1729.high.stream swfUrl=http://www.filmon.com/tv/modules/FilmOnTV/files/flashapp/filmon/FilmonPlayer.swf pageUrl=http://www.filmon.com live=true timeout=15</link>
           <regex>
            <name>url</name>
            <expres>rtmp:....([^\\]*)</expres>
            <page>http://www.filmon.com/tv/channel/export?channel_id=1729</page>
           </regex>
           <regex>
            <name>key</name>
            <expres>rtmp[^?]*(\?id=[^"]*)</expres>
            <page>http://www.filmon.com/tv/channel/export?channel_id=1729</page>
           </regex>
		</item>
	</streaminginfo>
	<streaminginfo>
		<cname>BFMTV</cname>
		<item>
			<title>BFMTV</title>
			<link>http://bfmlive2-i.akamaihd.net/hls/live/214427/bfmtv/04.m3u8</link>
		</item>
	</streaminginfo>
	
	<streaminginfo>
		<cname>TV 5 MONDE</cname>
		<item>
			<title>TV 5 MONDE</title>
			<link>http://rm-edge-3.cdn2.streamago.tv/streamagoedge/1924/817/playlist.m3u8</link>
		</item>
	</streaminginfo>
	
	<streaminginfo>
		<cname>TF1</cname>
		<item>
			<title>@zombixbmc</title>
			<link>http://free:free@matchfree1to10.no-ip.net/16.ch</link>
		</item>
	</streaminginfo>
	
	<streaminginfo>
		<cname>MBC 1</cname>
		<item>
			<title>@zombixbmc</title>
			<link>http://free:free@matchfree1to10.no-ip.net/1.ch</link>
		</item>
	</streaminginfo>
	
	<streaminginfo>
		<cname>MBC 2</cname>
		<item>
			<title>@zombixbmc</title>
			<link>http://free:free@matchfree1to10.no-ip.net/2.ch</link>
		</item>
	</streaminginfo>
	
	<streaminginfo>
		<cname>MBC 3</cname>
		<item>
			<title>@zombixbmc</title>
			<link>http://free:free@matchfree1to10.no-ip.net/3.ch</link>
		</item>
	</streaminginfo>
	
	<streaminginfo>
		<cname>MBC 4</cname>
		<item>
			<title>@zombixbmc</title>
			<link>http://free:free@matchfree1to10.no-ip.net/4.ch</link>
		</item>
	</streaminginfo>
	
	<streaminginfo>
		<cname>MBC Drama</cname>
		<item>
			<title>@zombixbmc</title>
			<link>http://free:free@matchfree1to10.no-ip.net/5.ch</link>
		</item>
	</streaminginfo>
	
	<streaminginfo>
		<cname>MBC Action</cname>
		<item>
			<title>@zombixbmc</title>
			<link>http://free:free@matchfree1to10.no-ip.net/6.ch</link>
		</item>
	</streaminginfo>
	
	<streaminginfo>
		<cname>MBC Bollywood</cname>
		<item>
			<title>@zombixbmc</title>
			<link>http://free:free@matchfree1to10.no-ip.net/9.ch</link>
		</item>
	</streaminginfo>
	
	<streaminginfo>
		<cname>MBC Max</cname>
		<item>
			<title>@zombixbmc</title>
			<link>http://free:free@matchfree1to10.no-ip.net/10.ch</link>
		</item>
	</streaminginfo>
	
	<streaminginfo>
		<cname>Art Aflam 1</cname>
		<item>
			<title>@zombixbmc</title>
			<link>http://free:free@matchfree1to10.no-ip.net/12.ch</link>
		</item>
	</streaminginfo>
	
	<streaminginfo>
		<cname>Art Aflam 2</cname>
		<item>
			<title>@zombixbmc</title>
			<link>http://free:free@matchfree1to10.no-ip.net/13.ch</link>
		</item>
	</streaminginfo>
	
	<streaminginfo>
		<cname>ART Cinema</cname>
		<item>
			<title>@zombixbmc </title>
			<link>http://free:free@matchfree1to10.no-ip.net/20.ch</link>
		</item>
	</streaminginfo>
	
	<streaminginfo>
		<cname>ART hykayet1</cname>
		<item>
			<title>@zombixbmc </title>
			<link>http://free:free@matchfree1to10.no-ip.net/14.ch</link>
		</item>
	</streaminginfo>
	
	<streaminginfo>
		<cname>ART hykayet2</cname>
		<item>
			<title>@zombixbmc </title>
			<link>http://free:free@matchfree1to10.no-ip.net/15.ch</link>
		</item>
	</streaminginfo>
	<streaminginfo>
		<cname>Nessma</cname>
		<item>
			<title>@zombixbmc</title>
			<link>http://free:free@matchfree1to10.no-ip.net/11.ch</link>
		</item>
	</streaminginfo>
	
	<streaminginfo>
		<cname>Hanibal</cname>
		<item>
			<title>@zombixbmc</title>
			<link>http://free:free@matchfree1to10.no-ip.net/7.ch</link>
		</item>
	</streaminginfo>
	
	<streaminginfo>
		<cname>Al Tunisia</cname>
		<item>
			<title>@zombixbmc</title>
			<link>http://free:free@matchfree1to10.no-ip.net/8.ch</link>
		</item>
	</streaminginfo>
	
	<streaminginfo>
		<cname>Al Maghribia</cname>
		<item>
			<title>@zombixbmc</title>
			<link>http://ca-edge-2.cdn2.streamago.tv:80/streamagoedge/1922/815/playlist.m3u8</link>
		</item>
	</streaminginfo>
	
	<streaminginfo>
		<cname>ALFALASTINIAH</cname>
		<item>
			<title>@zombixbmc</title>
			<link>rtmp://46.43.64.166:1935/flv/flv</link>
		</item>
	</streaminginfo>
	
	<streaminginfo>
		<cname>Dubai</cname>
		<item>
			<title>@zombixbmc</title>
			<link>rtmp://wms03.endavomedia.com:1935/dmilivedubaitv/dmilivedubaitv_1</link>
		</item>
	</streaminginfo>
	
	<streaminginfo>
		<cname>MTV</cname>
		<item>
			<title>@zombixbmc</title>
			<link>rtsp://livestreaming1.itworkscdn.net/mtvlive/murrtelevision_160p</link>
		</item>
	</streaminginfo>
	
	<streaminginfo>
		<cname>AlYawm</cname>
		<item>
			<title>@zombixbmc</title>
			<link>rtmp://839156450.e.541833257.r.w6cdn.com/541833257//mp4:freeegeYSbQLHNsFZa timeout=15</link>
		</item>
	</streaminginfo>
	
	<streaminginfo>
		<cname>AlYawm</cname>
		<item>
			<title>@zombixbmc</title>
			<link>http://iphone-streaming.ustream.tv/ustreamVideo/12786066/streams/live/playlist.m3u8 timeout=15</link>
		</item>
	</streaminginfo>
	
	<streaminginfo>
		<cname>Canal plus</cname>
		<item>
			<title>@zombixbmc</title>
			<link>http://iphone-streaming.ustream.tv/ustreamVideo/11378037/streams/live/playlist.m3u8 timeout=15</link>
		</item>
	</streaminginfo>
	
	<streaminginfo>
		<cname>2M</cname>
		<item>
			<title>@zombixbmc</title>
			<link>http://iphone-streaming.ustream.tv/ustreamVideo/8312072/streams/live/playlist.m3u8</link>
		</item>
	</streaminginfo>
	
	<streaminginfo>
		<cname>France 24 FR</cname>
		<item>
			<title>@zombixbmc</title>
			<link>rtmp://$doregex[url] app=live/$doregex[key] playpath=298.high.stream swfUrl=http://www.filmon.com/tv/modules/FilmOnTV/files/flashapp/filmon/FilmonPlayer.swf pageUrl=http://www.filmon.com live=true timeout=15</link>
            <regex>
             <name>url</name>
              <expres>rtmp:....([^\\]*)</expres>
               <page>http://www.filmon.com/tv/channel/export?channel_id=298</page>
            </regex>
            <regex>
            <name>key</name>
               <expres>rtmp[^?]*(\?id=[^"]*)</expres>
                 <page>http://www.filmon.com/tv/channel/export?channel_id=298</page>
            </regex>
		</item>
		
	</streaminginfo>
	
	<streaminginfo>
		<cname>AlFajer Gaza</cname>
		<item>
			<title>@zombixbmc</title>
			<link>rtmp://82.102.232.165:1935/alfajertv_gaza/alfajertv_1</link>
		</item>
	</streaminginfo>
	
	<streaminginfo>
		<cname>Alfajr Int</cname>
		<item>
			<title>@zombixbmc</title>
			<link>rtmp://vstream2.hadara.ps:1935/unlimitedalfajer/unlimited_1</link>
		</item>
	</streaminginfo>
	
	

<streaminginfo>
		<cname>OSN EN</cname>
		<item>
			<title>@zombixbmc OSN:OSN First HD</title>
			<link> 
http://iptvserver.is-by.us/iptv-panal/free-v3/free-v3/23.ch</link>
		</item>
	</streaminginfo>
	
	<streaminginfo>
		<cname>OSN EN</cname>
		<item>
			<title>@zombixbmc OSN MOVIES PREMIERE</title>
			<link> 
http://iptvserver.is-by.us/iptv-panal/free-v3/free-v3/80.ch</link>
		</item>
	</streaminginfo>
	
	<streaminginfo>
		<cname>OSN EN</cname>
		<item>
			<title>@zombixbmc OSN MOVIES 1</title>
			<link> 
http://iptvserver.is-by.us/iptv-panal/free-v3/free-v3/74.ch</link>
		</item>
	</streaminginfo>
	
	<streaminginfo>
		<cname>OSN EN</cname>
		<item>
			<title>@zombixbmc OSN MOVIES 2</title>
			<link> 
http://iptvserver.is-by.us/iptv-panal/free-v3/free-v3/75.ch</link>
		</item>
	</streaminginfo>
	
	<streaminginfo>
		<cname>OSN EN</cname>
		<item>
			<title>@zombixbmc OSN MOVIES 3</title>
			<link> 
http://iptvserver.is-by.us/iptv-panal/free-v3/free-v3/76.ch</link>
		</item>
	</streaminginfo>
	
	<streaminginfo>
		<cname>OSN EN</cname>
		<item>
			<title>@zombixbmc OSN MOVIES 4</title>
			<link> 
http://iptvserver.is-by.us/iptv-panal/free-v3/free-v3/77.ch</link>
		</item>
	</streaminginfo>
	
	<streaminginfo>
		<cname>OSN EN</cname>
		<item>
			<title>@zombixbmc OSN MOVIES PREMIERE</title>
			<link> 
http://iptvserver.is-by.us/iptv-panal/free-v3/free-v3/80.ch</link>
		</item>
	</streaminginfo>
	
	<streaminginfo>
		<cname>OSN EN</cname>
		<item>
			<title>@zombixbmc OSN MOVIES HD</title>
			<link> 
http://iptvserver.is-by.us/iptv-panal/free-v3/free-v3/17.ch</link>
		</item>
	</streaminginfo>
			
<streaminginfo>
		<cname>OSN Ar</cname>
		<item>
			<title>@zombixbmc OSN:OSN YAHALA HD</title>
			<link>
http://iptvserver.is-by.us/iptv-panal/free-v3/free-v3/18.ch</link>
		</item>
	</streaminginfo>
	
	<streaminginfo>
		<cname>OSN Ar</cname>
		<item>
			<title>@zombixbmc OSN_Shabab</title>
			<link>
http://iptvfannansat.dyndns.tv/vachelzhan/vachelzhan/17.ch</link>
		</item>
	</streaminginfo>
			
<streaminginfo>
		<cname>OSN EN</cname>
		<item>
			<title>@zombixbmc OSN:OSN movieHD+2</title>
			<link>
http://iptvserver.is-by.us/iptv-panal/free-v3/free-v3/20.ch</link>
		</item>
	</streaminginfo>
			
<streaminginfo>
		<cname>OSN EN</cname>
		<item>
			<title>@zombixbmc OSN:OSNmovie action</title>
			<link>
http://iptvserver.is-by.us/iptv-panal/free-v3/free-v3/21.ch</link>
		</item>
	</streaminginfo>
			
<streaminginfo>
		<cname>OSN Ar</cname>
		<item>
			<title>@zombixbmc OSN:OSN YH drama</title>
			<link>
http://iptvserver.is-by.us/iptv-panal/free-v3/free-v3/19.ch</link>
		</item>
	</streaminginfo>
			
<streaminginfo>
		<cname>OSN Ar</cname>
		<item>
			<title>@zombixbmc OSN:0SN yh HD+2</title>
			<link>
http://iptvserver.is-by.us/iptv-panal/free-v3/free-v3/22.ch</link>
		</item>
	</streaminginfo>
	
	<streaminginfo>
		<cname>M6</cname>
		<item>
			<title>@zombixbmc </title>
			<link>http://free:free@matchfree1to10.no-ip.net/21.ch</link>
		</item>
	</streaminginfo>
	
	<streaminginfo>
		<cname>W9</cname>
		<item>
			<title>@zombixbmc </title>
			<link>http://free:free@matchfree1to10.no-ip.net/37.ch</link>
		</item>
	</streaminginfo>
	
	<streaminginfo>
		<cname>Telvza TV</cname>
		<item>
			<title>@zombixbmc </title>
			<link>rtmp://41.231.53.11:8888/thd/ playpath=telvza swfUrl=http://streaminghd.tn/video/player.swf?random=1664158234 live=1 pageUrl=http://www.direct4live.com/2013/10/telvza-tv-en-direct-live.html</link>
		</item>
	</streaminginfo>
	
	<streaminginfo>
		<cname>Tounesna</cname>
		<item>
			<title>@zombixbmc </title>
			<link>rtmp://41.231.53.11:8888/thd playpath=tunisna swfUrl=http://streaminghd.tn/video/player.swf?random=1578550586 live=1 pageUrl=http://www.direct4live.com/2014/02/tounesna-tv-direct-live.html</link>
		</item>
	</streaminginfo>
	
	<streaminginfo>
		<cname>Al Tunisia</cname>
		<item>
			<title>@zombixbmc </title>
			<link>rtmp://iptv.web-medias.net/live playpath=al_tunisia swfUrl=http://www.web-medias.net/jwplayer.swf live=1 pageUrl=http://www.web-medias.net/ettounsiya-tv-en-direct-live</link>
		</item>
	</streaminginfo>
	
	<streaminginfo>
		<cname>alwatan</cname>
		<item>
			<title>@zombixbmc </title>
			<link>http://alwatan_hls-lh.akamaihd.net/i/alwatan_ar@91111/master.m3u8</link>
		</item>
	</streaminginfo>
	
	<streaminginfo>
		<cname>SkyNewsArabia</cname>
		<item>
			<title>@zombixbmc </title>
			<link>http://iptvfannansat.dyndns.tv/vachelzhan/vachelzhan/85.ch</link>
		</item>
	</streaminginfo>
	
	<streaminginfo>
		<cname>Roya</cname>
		<item>
			<title>@zombixbmc </title>
			<link>http://stream.joinvisions.net:1935/royalive/roya_2/playlist.m3u8</link>
		</item>
	</streaminginfo>
	
</streamingInfos>
