﻿<?xml version="1.0" encoding="UTF-8" standalone="yes"?>
<addon id="plugin.video.teledunet"
       name="Teledunet.com"
       version="2.3.9"
       provider-name="hadynz">
    <requires>
        <import addon="xbmc.python" version="2.1.0"/>
        <import addon="script.module.beautifulsoup" version="3.0.8"/>
        <import addon="script.module.xbmcswift2" version="1.1.1" />
    </requires>
    <extension point="xbmc.python.pluginsource" library="default.py">
        <provides>video</provides>
    </extension>
    <extension point="xbmc.addon.metadata">
        <summary>Teledunet.com</summary>
        <description>Télé du Net is a free online broadcasting service based in Tunisia that is dedicated to online viewers that live outside the Arab world.

It broadcasts channels through the internet 24/7. The service is completely free to use and has a great compilation of channels to choose from.</description>
        <platform>all</platform>
    </extension>
</addon>