<?xml version="1.0" encoding="UTF-8" standalone="yes"?>
<addon id="plugin.video.alqaheraalyoum"
       name="AlQaheraAlYoum"
       version="1.0.2"
       provider-name="hadynz">
    <requires>
        <import addon="xbmc.python" version="2.0"/>
        <import addon="script.module.beautifulsoup" version="3.0.8"/>
    </requires>
    <extension point="xbmc.python.pluginsource"
               library="default.py">
        <provides>video</provides>
    </extension>
    <extension point="xbmc.addon.metadata">
        <summary>Al-Qahera Al-Youm</summary>
        <description>Al-Qahera Al-Youm plugin for XBMC. Scrapes episode clips from alqaheraalyoum.net</description>
        <platform>all</platform>
    </extension>
</addon>
