﻿<?xml version="1.0" encoding="UTF-8" standalone="yes"?>
<addon id="plugin.video.Islamic"
	name="Khotba Youtube"
	version="1.0.0"
	provider-name="Amio">
  <requires>
    <import addon="xbmc.python" version="2.0"/>
    <import addon="plugin.video.youtube" version="3.0.0"/>
  </requires>
  <extension point="xbmc.python.pluginsource" library="default.py">
    <provides>video</provides>
  </extension>
  <extension point="xbmc.addon.metadata">
    <summary lang="en">موقع المرئيات الإسلامية</summary>
    <description lang="en">موقع المرئيات الإسلامية</description>
    <platform>all</platform>
  </extension>
</addon>
