﻿<?xml version="1.0" encoding="UTF-8"?>
<addon
  id="plugin.video.alarab"
  version="2.0.3"
  name="ALARAB"
  provider-name="Daschacka">
  <requires>
    <import addon="xbmc.python"
            version="2.1.0"/>
  </requires>
  <extension point="xbmc.python.pluginsource"
             library="default.py">
    <provides>video</provides>
  </extension>
  <extension point="xbmc.addon.metadata">
    <summary>Alarab VOD Arabic plugin by BISHA</summary>
    <description>Alarab VOD Arabic plugin by BISHA. This plugin is completely FREE</description>
   
    <platform>all</platform>
  </extension>
</addon>