ID,Name,Logo,Category
437,Aljazeera,http://api.arabtvnet.tv/logos/437.jpg,News
260,Alarabiya,http://api.arabtvnet.tv/logos/260.jpg,News
858,Alarabiya Hadath,http://api.arabtvnet.tv/logos/858.jpg,News
1288,Al-Mayadeen,http://api.arabtvnet.tv/logos/1288.jpg,News
262,Russia Alyaum,http://api.arabtvnet.tv/logos/262.jpg,News
263,Al-hurra Iraq,http://api.arabtvnet.tv/logos/263.jpg,News
264,Alalam,http://api.arabtvnet.tv/logos/264.jpg,News
677,CCTV Arabia,http://api.arabtvnet.tv/logos/677.jpg,News
517,CNBC Arabia,http://api.arabtvnet.tv/logos/517.jpg,News
721,Euro News,http://api.arabtvnet.tv/logos/721.jpg,News
436,France24 Arabic,http://api.arabtvnet.tv/logos/436.jpg,News
265,Aljazeera Doc,http://api.arabtvnet.tv/logos/265.jpg,News
266,National Geographic Ad,http://api.arabtvnet.tv/logos/266.jpg,News
333,Alarabi Doc,http://api.arabtvnet.tv/logos/333.jpg,News
270,MBC Maghreb,http://api.arabtvnet.tv/logos/270.jpg,TV - North Africa
271,MBC 1,http://api.arabtvnet.tv/logos/271.jpg,Drama
272,MBC 2,http://api.arabtvnet.tv/logos/272.jpg,English
273,MBC 3,http://api.arabtvnet.tv/logos/273.jpg,Children
274,MBC 4,http://api.arabtvnet.tv/logos/274.jpg,English
686,MBC Drama,http://api.arabtvnet.tv/logos/686.jpg,Drama
275,MBC Max,http://api.arabtvnet.tv/logos/275.jpg,English
276,MBC Action,http://api.arabtvnet.tv/logos/276.jpg,English
341,Fx Arabia,http://api.arabtvnet.tv/logos/341.jpg,English
1022,Top Movies,http://api.arabtvnet.tv/logos/1022.jpg,English
1026,Al-Nahar Movies,http://api.arabtvnet.tv/logos/1026.jpg,English
277,Zee Aflam,http://api.arabtvnet.tv/logos/277.jpg,Movies
447,ART Aflam 1,http://api.arabtvnet.tv/logos/447.jpg,Movies
283,ART Aflam 2,http://api.arabtvnet.tv/logos/283.jpg,Movies
284,ART Cinema,http://api.arabtvnet.tv/logos/284.jpg,Movies
443,ART Hekayat 1,http://api.arabtvnet.tv/logos/443.jpg,Drama
1171,Masrawi Aflam,http://api.arabtvnet.tv/logos/1171.jpg,Movies
1098,Rotana Aflam,http://api.arabtvnet.tv/logos/1098.jpg,Movies
294,Rotana Cinema,http://api.arabtvnet.tv/logos/294.jpg,Movies
298,Rotana Masriya,http://api.arabtvnet.tv/logos/298.jpg,TV - Egypt
996,Rotana Clip,http://api.arabtvnet.tv/logos/996.jpg,Music
997,Rotana Khaligi,http://api.arabtvnet.tv/logos/997.jpg,Music
995,Rotana Music,http://api.arabtvnet.tv/logos/995.jpg,Music
994,Rotana Zaman,http://api.arabtvnet.tv/logos/994.jpg,Music
968,Panorama Action,http://api.arabtvnet.tv/logos/968.jpg,English
990,Panorama Drama 2,http://api.arabtvnet.tv/logos/990.jpg,Drama
624,Panorama Comedy,http://api.arabtvnet.tv/logos/624.jpg,Comedy
754,Panorama Film,http://api.arabtvnet.tv/logos/754.jpg,Movies
694,Alhayat Cinema,http://api.arabtvnet.tv/logos/694.jpg,Movies
969,Alhayat-Series,http://api.arabtvnet.tv/logos/969.jpg,TV - Egypt
299,Alhayat 1 ,http://api.arabtvnet.tv/logos/299.jpg,TV - Egypt
336,Nile Cinema,http://api.arabtvnet.tv/logos/336.jpg,Movies
337,Nile Drama,http://api.arabtvnet.tv/logos/337.jpg,Drama
339,Nile Comedy,http://api.arabtvnet.tv/logos/339.jpg,Comedy
338,Nile Life,http://api.arabtvnet.tv/logos/338.jpg,TV - Egypt
290,Melody Aflam,http://api.arabtvnet.tv/logos/290.jpg,Movies
1101,Melody Drama,http://api.arabtvnet.tv/logos/1101.jpg,Drama
987,Melody Hits,http://api.arabtvnet.tv/logos/987.jpg,Music
279,Infinity,http://api.arabtvnet.tv/logos/279.jpg,TV - Egypt
280,Wanasah,http://api.arabtvnet.tv/logos/280.jpg,Music
831,Mawal Tv,http://api.arabtvnet.tv/logos/831.jpg,Music
999,Fatafeat,http://api.arabtvnet.tv/logos/999.jpg,Food
688,Dream HD,http://api.arabtvnet.tv/logos/688.jpg,TV - Egypt
303,Dream 1,http://api.arabtvnet.tv/logos/303.jpg,TV - Egypt
304,Dream 2 ,http://api.arabtvnet.tv/logos/304.jpg,TV - Egypt
288,Cima,http://api.arabtvnet.tv/logos/288.jpg,Movies
1038,Moga Comedy,http://api.arabtvnet.tv/logos/1038.jpg,Comedy
1056,Star Cinema,http://api.arabtvnet.tv/logos/1056.jpg,Movies
1048,Star Cinema 2,http://api.arabtvnet.tv/logos/1048.jpg,Movies
1053,Sama Cinema,http://api.arabtvnet.tv/logos/1053.jpg,Movies
1052,Time Comedy,http://api.arabtvnet.tv/logos/1052.jpg,Comedy
1016,Time Drama,http://api.arabtvnet.tv/logos/1016.jpg,Drama
701,Time Turky,http://api.arabtvnet.tv/logos/701.jpg,Drama
988,Cairo Cinema,http://api.arabtvnet.tv/logos/988.jpg,Movies
980,CBC TV,http://api.arabtvnet.tv/logos/980.jpg,TV - Egypt
979,CBC Drama,http://api.arabtvnet.tv/logos/979.jpg,Drama
981,CBC Drama +,http://api.arabtvnet.tv/logos/981.jpg,Drama
971,Al-Nahar TV,http://api.arabtvnet.tv/logos/971.jpg,TV - Egypt
972,Al-Nahar Drama,http://api.arabtvnet.tv/logos/972.jpg,Drama
1088,Albeit Beitak Cinema,http://api.arabtvnet.tv/logos/1088.jpg,Movies
295,On TV,http://api.arabtvnet.tv/logos/295.jpg,TV - Egypt
1050,Ontv Live,http://api.arabtvnet.tv/logos/1050.jpg,TV - Egypt
344,Baraem,http://api.arabtvnet.tv/logos/344.jpg,Children
985,Cartoon Network,http://api.arabtvnet.tv/logos/985.jpg,Children
521,Ajyal,http://api.arabtvnet.tv/logos/521.jpg,Children
342,Spacepower,http://api.arabtvnet.tv/logos/342.jpg,Children
964,Toyor Aljanah 1,http://api.arabtvnet.tv/logos/964.jpg,Children
965,Toyor Aljanah 2,http://api.arabtvnet.tv/logos/965.jpg,Children
966,Karamesh,http://api.arabtvnet.tv/logos/966.jpg,Children
345,Aljazeera Children,http://api.arabtvnet.tv/logos/345.jpg,Children
967,Taha TV,http://api.arabtvnet.tv/logos/967.jpg,Children
991,Lbc Europa,http://api.arabtvnet.tv/logos/991.jpg,TV - Sham
307,Lbc,http://api.arabtvnet.tv/logos/307.jpg,TV - Sham
310,Otv Lebanon,http://api.arabtvnet.tv/logos/310.jpg,TV - Sham
309,Mtv Lebanon ,http://api.arabtvnet.tv/logos/309.jpg,Music
311,Aljadeed,http://api.arabtvnet.tv/logos/311.jpg,TV - Sham
308,Future,http://api.arabtvnet.tv/logos/308.jpg,TV - Sham
515,Future Usa,http://api.arabtvnet.tv/logos/515.jpg,TV - Sham
709,Future News,http://api.arabtvnet.tv/logos/709.jpg,News
312,NBN,http://api.arabtvnet.tv/logos/312.jpg,TV - Sham
313,ANB,http://api.arabtvnet.tv/logos/313.jpg,TV - Sham
516,Al-Manar,http://api.arabtvnet.tv/logos/516.jpg,Religion
514,Teleliban,http://api.arabtvnet.tv/logos/514.jpg,TV - Sham
717,Arabica TV,http://api.arabtvnet.tv/logos/717.jpg,TV - Egypt
323,Aliraqiya,http://api.arabtvnet.tv/logos/323.jpg,TV - Iraq
320,Alsharqiya,http://api.arabtvnet.tv/logos/320.jpg,TV - Iraq
1085,Sharqia News,http://api.arabtvnet.tv/logos/1085.jpg,News
324,Alrashid,http://api.arabtvnet.tv/logos/324.jpg,TV - Iraq
321,Albaghdadie,http://api.arabtvnet.tv/logos/321.jpg,TV - Iraq
322,Baghdad,http://api.arabtvnet.tv/logos/322.jpg,TV - Iraq
325,Alsumaria,http://api.arabtvnet.tv/logos/325.jpg,TV - Iraq
1039,Al-Hurria,http://api.arabtvnet.tv/logos/1039.jpg,TV - Iraq
1069,Aletejah,http://api.arabtvnet.tv/logos/1069.jpg,TV - Iraq
327,Forat,http://api.arabtvnet.tv/logos/327.jpg,TV - Iraq
392,Al-Fayha,http://api.arabtvnet.tv/logos/392.jpg,TV - Iraq
1012,Al-Babeliya,http://api.arabtvnet.tv/logos/1012.jpg,TV - Iraq
329,Ishtar,http://api.arabtvnet.tv/logos/329.jpg,TV - Iraq
1049,Ashur TV,http://api.arabtvnet.tv/logos/1049.jpg,TV - Iraq
1047,AUC Channel,http://api.arabtvnet.tv/logos/1047.jpg,TV - Egypt
1035,Aghanina,http://api.arabtvnet.tv/logos/1035.jpg,Music
781,Mcp Iraq Music,http://api.arabtvnet.tv/logos/781.jpg,Music
764,Alhaneen Music,http://api.arabtvnet.tv/logos/764.jpg,Music
1006,Chabab Iraq,http://api.arabtvnet.tv/logos/1006.jpg,TV - Iraq
314,Syria,http://api.arabtvnet.tv/logos/314.jpg,TV - Sham
315,Syria Drama,http://api.arabtvnet.tv/logos/315.jpg,Drama
316,Aldunia,http://api.arabtvnet.tv/logos/316.jpg,TV - Sham
448,Orient News,http://api.arabtvnet.tv/logos/448.jpg,News
349,Abu Dhabi,http://api.arabtvnet.tv/logos/349.jpg,TV - Gulf
416,Abu Dhabi Emarat,http://api.arabtvnet.tv/logos/416.jpg,TV - Gulf
393,Abu Dhabi Drama,http://api.arabtvnet.tv/logos/393.jpg,Drama
531,Abu Dhabi Sport 1,http://api.arabtvnet.tv/logos/531.jpg,Sport
346,Dubai,http://api.arabtvnet.tv/logos/346.jpg,TV - Gulf
347,Dubai One,http://api.arabtvnet.tv/logos/347.jpg,English
782,Sama Dubai,http://api.arabtvnet.tv/logos/782.jpg,TV - Gulf
350,Sharjah,http://api.arabtvnet.tv/logos/350.jpg,TV - Gulf
852,Dubai Sport 1,http://api.arabtvnet.tv/logos/852.jpg,Sport
397,Alwatan,http://api.arabtvnet.tv/logos/397.jpg,TV - Gulf
505,Alwatan+,http://api.arabtvnet.tv/logos/505.jpg,TV - Gulf
719,Founon 1,http://api.arabtvnet.tv/logos/719.jpg,TV - Gulf
396,Alrai,http://api.arabtvnet.tv/logos/396.jpg,TV - North Africa
395,Kuwait,http://api.arabtvnet.tv/logos/395.jpg,TV - Gulf
306,Masria Esc,http://api.arabtvnet.tv/logos/306.jpg,TV - Egypt
278,Faraeen,http://api.arabtvnet.tv/logos/278.jpg,TV - Egypt
982,Misr 25,http://api.arabtvnet.tv/logos/982.jpg,TV - Egypt
1090,25 Channel,http://api.arabtvnet.tv/logos/1090.jpg,TV - Egypt
698,Mehwar,http://api.arabtvnet.tv/logos/698.jpg,TV - Egypt
748,Alteet Belly Dance,http://api.arabtvnet.tv/logos/748.jpg,Music
525,Mazzika,http://api.arabtvnet.tv/logos/525.jpg,Music
352,Ghinwa,http://api.arabtvnet.tv/logos/352.jpg,Music
318,Jordan,http://api.arabtvnet.tv/logos/318.jpg,TV - Sham
755,Kaifa Tv,http://api.arabtvnet.tv/logos/755.jpg,TV - North Africa
1199,Nourmina Tv,http://api.arabtvnet.tv/logos/1199.jpg,TV - North Africa
1020,Roya TV,http://api.arabtvnet.tv/logos/1020.jpg,TV - North Africa
546,Sudan TV,http://api.arabtvnet.tv/logos/546.jpg,TV - North Africa
693,Alshorooq,http://api.arabtvnet.tv/logos/693.jpg,TV - North Africa
411,Blue Nile,http://api.arabtvnet.tv/logos/411.jpg,TV - North Africa
432,Canal Algeria,http://api.arabtvnet.tv/logos/432.jpg,TV - North Africa
408,A3,http://api.arabtvnet.tv/logos/408.jpg,TV - North Africa
1248,Elchourok Algeria,http://api.arabtvnet.tv/logos/1248.jpg,TV - North Africa
541,Tamazigh Algeria,http://api.arabtvnet.tv/logos/541.jpg,TV - North Africa
404,Maghreb 1,http://api.arabtvnet.tv/logos/404.jpg,TV - North Africa
539,Arrabia,http://api.arabtvnet.tv/logos/539.jpg,TV - North Africa
1154,Assadisa,http://api.arabtvnet.tv/logos/1154.jpg,TV - North Africa
433,Alola Ant,http://api.arabtvnet.tv/logos/433.jpg,TV - North Africa
1197,Alola International 2,http://api.arabtvnet.tv/logos/1197.jpg,TV - North Africa
405,2M,http://api.arabtvnet.tv/logos/405.jpg,TV - North Africa
406,Medi 1 Sat,http://api.arabtvnet.tv/logos/406.jpg,TV - North Africa
434,Alriadia Sport,http://api.arabtvnet.tv/logos/434.jpg,Sport
423,Tunis 7,http://api.arabtvnet.tv/logos/423.jpg,TV - North Africa
821,Al-Tunisia,http://api.arabtvnet.tv/logos/821.jpg,TV - North Africa
974,Tunis Alyaum,http://api.arabtvnet.tv/logos/974.jpg,TV - North Africa
409,Hanibal,http://api.arabtvnet.tv/logos/409.jpg,TV - North Africa
419,Al-Mustakillah,http://api.arabtvnet.tv/logos/419.jpg,TV - North Africa
1294,Al Assema tv,http://api.arabtvnet.tv/logos/1294.jpg,TV - North Africa
1279,Libya Awalan,http://api.arabtvnet.tv/logos/1279.jpg,TV - North Africa
576,Lybia Al Ahrar,http://api.arabtvnet.tv/logos/576.jpg,TV - North Africa
1289,Libya Alwataniya,http://api.arabtvnet.tv/logos/1289.jpg,TV - North Africa
687,Afasi TV,http://api.arabtvnet.tv/logos/687.jpg,Religion
1071,Coran,http://api.arabtvnet.tv/logos/1071.jpg,Religion
418,Al-Resala,http://api.arabtvnet.tv/logos/418.jpg,Religion
420,Iqra,http://api.arabtvnet.tv/logos/420.jpg,Religion
807,Alnas TV,http://api.arabtvnet.tv/logos/807.jpg,Religion
803,Al Rahma,http://api.arabtvnet.tv/logos/803.jpg,Religion
424,Alsunnah,http://api.arabtvnet.tv/logos/424.jpg,Religion
422,Al-Anwar,http://api.arabtvnet.tv/logos/422.jpg,Religion
410,Anwar 2,http://api.arabtvnet.tv/logos/410.jpg,Religion
771,Karbala TV,http://api.arabtvnet.tv/logos/771.jpg,Religion
770,Almaaref,http://api.arabtvnet.tv/logos/770.jpg,Religion
421,Al-Kawthar,http://api.arabtvnet.tv/logos/421.jpg,Religion
431,Al-Zahraa,http://api.arabtvnet.tv/logos/431.jpg,Religion
825,Aghapy,http://api.arabtvnet.tv/logos/825.jpg,Religion
1253,The Truth,http://api.arabtvnet.tv/logos/1253.jpg,Religion
1062,Marmorkos,http://api.arabtvnet.tv/logos/1062.jpg,Religion
429,CTV Coptic,http://api.arabtvnet.tv/logos/429.jpg,Religion
428,Nour Sat,http://api.arabtvnet.tv/logos/428.jpg,Religion
471,Miracle,http://api.arabtvnet.tv/logos/471.jpg,Religion
305,Sat 7 Plus,http://api.arabtvnet.tv/logos/305.jpg,Religion
1009,Mosar3 Tv,http://api.arabtvnet.tv/logos/1009.jpg,Sport
977,Gladiator,http://api.arabtvnet.tv/logos/977.jpg,Sport
400,Qatar,http://api.arabtvnet.tv/logos/400.jpg,TV - Gulf
729,Aljazeera Mubasher,http://api.arabtvnet.tv/logos/729.jpg,News
1102,JSC Mubasher Misr,http://api.arabtvnet.tv/logos/1102.jpg,News
661,Aljazeera Sport 2,http://api.arabtvnet.tv/logos/661.jpg,Sport
330,Knn News,http://api.arabtvnet.tv/logos/330.jpg,News
1058,Nrt Kurdistan,http://api.arabtvnet.tv/logos/1058.jpg,TV - Iraq
859,Gali Kurdistan,http://api.arabtvnet.tv/logos/859.jpg,TV - Iraq
335,Zagroz,http://api.arabtvnet.tv/logos/335.jpg,TV - Iraq
666,Kurd 1,http://api.arabtvnet.tv/logos/666.jpg,TV - Iraq
984,Kanal 4 Kurd,http://api.arabtvnet.tv/logos/984.jpg,TV - Iraq
983,Korek TV,http://api.arabtvnet.tv/logos/983.jpg,TV - Iraq
961,Vin TV,http://api.arabtvnet.tv/logos/961.jpg,TV - Iraq
331,Kurdistan,http://api.arabtvnet.tv/logos/331.jpg,TV - Iraq
332,Kurdsat,http://api.arabtvnet.tv/logos/332.jpg,TV - Iraq
547,Somali Channel,http://api.arabtvnet.tv/logos/547.jpg,TV - North Africa
910,Royali Somali,http://api.arabtvnet.tv/logos/910.jpg,TV - North Africa
506,Eri TV,http://api.arabtvnet.tv/logos/506.jpg,TV - North Africa
696,ESTV,http://api.arabtvnet.tv/logos/696.jpg,TV - North Africa
663,Gem Music,http://api.arabtvnet.tv/logos/663.jpg,Music
281,Alhiwar,http://api.arabtvnet.tv/logos/281.jpg,TV - North Africa
1211,Al-Zerah,http://api.arabtvnet.tv/logos/1211.jpg,TV - North Africa
778,VTV4,http://api.arabtvnet.tv/logos/778.jpg,TV - North Africa