<?xml version="1.0" encoding="UTF-8"?>
<categories>
    <category title='Children'>
        <channel id='521' title='Ajyal' thumbnail='http://api.arabtvnet.tv/logos/521.jpg' />
        <channel id='345' title='Aljazeera Children' thumbnail='http://api.arabtvnet.tv/logos/345.jpg' />
        <channel id='344' title='Baraem' thumbnail='http://api.arabtvnet.tv/logos/344.jpg' />
        <channel id='985' title='Cartoon Network' thumbnail='http://api.arabtvnet.tv/logos/985.jpg' />
        <channel id='966' title='Karamesh' thumbnail='http://api.arabtvnet.tv/logos/966.jpg' />
        <channel id='273' title='MBC 3' thumbnail='http://api.arabtvnet.tv/logos/273.jpg' />
        <channel id='342' title='Spacepower' thumbnail='http://api.arabtvnet.tv/logos/342.jpg' />
        <channel id='967' title='Taha TV' thumbnail='http://api.arabtvnet.tv/logos/967.jpg' />
        <channel id='964' title='Toyor Aljanah 1' thumbnail='http://api.arabtvnet.tv/logos/964.jpg' />
        <channel id='965' title='Toyor Aljanah 2' thumbnail='http://api.arabtvnet.tv/logos/965.jpg' />
    </category>
    <category title='Comedy'>
        <channel id='1038' title='Moga Comedy' thumbnail='http://api.arabtvnet.tv/logos/1038.jpg' />
        <channel id='339' title='Nile Comedy' thumbnail='http://api.arabtvnet.tv/logos/339.jpg' />
        <channel id='624' title='Panorama Comedy' thumbnail='http://api.arabtvnet.tv/logos/624.jpg' />
        <channel id='1052' title='Time Comedy' thumbnail='http://api.arabtvnet.tv/logos/1052.jpg' />
    </category>
    <category title='Drama'>
        <channel id='443' title='ART Hekayat 1' thumbnail='http://api.arabtvnet.tv/logos/443.jpg' />
        <channel id='393' title='Abu Dhabi Drama' thumbnail='http://api.arabtvnet.tv/logos/393.jpg' />
        <channel id='972' title='Al-Nahar Drama' thumbnail='http://api.arabtvnet.tv/logos/972.jpg' />
        <channel id='979' title='CBC Drama' thumbnail='http://api.arabtvnet.tv/logos/979.jpg' />
        <channel id='981' title='CBC Drama +' thumbnail='http://api.arabtvnet.tv/logos/981.jpg' />
        <channel id='271' title='MBC 1' thumbnail='http://api.arabtvnet.tv/logos/271.jpg' />
        <channel id='686' title='MBC Drama' thumbnail='http://api.arabtvnet.tv/logos/686.jpg' />
        <channel id='1101' title='Melody Drama' thumbnail='http://api.arabtvnet.tv/logos/1101.jpg' />
        <channel id='337' title='Nile Drama' thumbnail='http://api.arabtvnet.tv/logos/337.jpg' />
        <channel id='990' title='Panorama Drama 2' thumbnail='http://api.arabtvnet.tv/logos/990.jpg' />
        <channel id='315' title='Syria Drama' thumbnail='http://api.arabtvnet.tv/logos/315.jpg' />
        <channel id='1016' title='Time Drama' thumbnail='http://api.arabtvnet.tv/logos/1016.jpg' />
        <channel id='701' title='Time Turky' thumbnail='http://api.arabtvnet.tv/logos/701.jpg' />
    </category>
    <category title='English'>
        <channel id='1026' title='Al-Nahar Movies' thumbnail='http://api.arabtvnet.tv/logos/1026.jpg' />
        <channel id='347' title='Dubai One' thumbnail='http://api.arabtvnet.tv/logos/347.jpg' />
        <channel id='341' title='Fx Arabia' thumbnail='http://api.arabtvnet.tv/logos/341.jpg' />
        <channel id='272' title='MBC 2' thumbnail='http://api.arabtvnet.tv/logos/272.jpg' />
        <channel id='274' title='MBC 4' thumbnail='http://api.arabtvnet.tv/logos/274.jpg' />
        <channel id='276' title='MBC Action' thumbnail='http://api.arabtvnet.tv/logos/276.jpg' />
        <channel id='275' title='MBC Max' thumbnail='http://api.arabtvnet.tv/logos/275.jpg' />
        <channel id='968' title='Panorama Action' thumbnail='http://api.arabtvnet.tv/logos/968.jpg' />
        <channel id='1022' title='Top Movies' thumbnail='http://api.arabtvnet.tv/logos/1022.jpg' />
    </category>
    <category title='Food'>
        <channel id='999' title='Fatafeat' thumbnail='http://api.arabtvnet.tv/logos/999.jpg' />
    </category>
    <category title='Movies'>
        <channel id='447' title='ART Aflam 1' thumbnail='http://api.arabtvnet.tv/logos/447.jpg' />
        <channel id='283' title='ART Aflam 2' thumbnail='http://api.arabtvnet.tv/logos/283.jpg' />
        <channel id='284' title='ART Cinema' thumbnail='http://api.arabtvnet.tv/logos/284.jpg' />
        <channel id='1088' title='Albeit Beitak Cinema' thumbnail='http://api.arabtvnet.tv/logos/1088.jpg' />
        <channel id='694' title='Alhayat Cinema' thumbnail='http://api.arabtvnet.tv/logos/694.jpg' />
        <channel id='988' title='Cairo Cinema' thumbnail='http://api.arabtvnet.tv/logos/988.jpg' />
        <channel id='288' title='Cima' thumbnail='http://api.arabtvnet.tv/logos/288.jpg' />
        <channel id='1171' title='Masrawi Aflam' thumbnail='http://api.arabtvnet.tv/logos/1171.jpg' />
        <channel id='290' title='Melody Aflam' thumbnail='http://api.arabtvnet.tv/logos/290.jpg' />
        <channel id='336' title='Nile Cinema' thumbnail='http://api.arabtvnet.tv/logos/336.jpg' />
        <channel id='754' title='Panorama Film' thumbnail='http://api.arabtvnet.tv/logos/754.jpg' />
        <channel id='1098' title='Rotana Aflam' thumbnail='http://api.arabtvnet.tv/logos/1098.jpg' />
        <channel id='294' title='Rotana Cinema' thumbnail='http://api.arabtvnet.tv/logos/294.jpg' />
        <channel id='1053' title='Sama Cinema' thumbnail='http://api.arabtvnet.tv/logos/1053.jpg' />
        <channel id='1056' title='Star Cinema' thumbnail='http://api.arabtvnet.tv/logos/1056.jpg' />
        <channel id='1048' title='Star Cinema 2' thumbnail='http://api.arabtvnet.tv/logos/1048.jpg' />
        <channel id='277' title='Zee Aflam' thumbnail='http://api.arabtvnet.tv/logos/277.jpg' />
    </category>
    <category title='Music'>
        <channel id='1035' title='Aghanina' thumbnail='http://api.arabtvnet.tv/logos/1035.jpg' />
        <channel id='764' title='Alhaneen Music' thumbnail='http://api.arabtvnet.tv/logos/764.jpg' />
        <channel id='748' title='Alteet Belly Dance' thumbnail='http://api.arabtvnet.tv/logos/748.jpg' />
        <channel id='663' title='Gem Music' thumbnail='http://api.arabtvnet.tv/logos/663.jpg' />
        <channel id='352' title='Ghinwa' thumbnail='http://api.arabtvnet.tv/logos/352.jpg' />
        <channel id='831' title='Mawal Tv' thumbnail='http://api.arabtvnet.tv/logos/831.jpg' />
        <channel id='525' title='Mazzika' thumbnail='http://api.arabtvnet.tv/logos/525.jpg' />
        <channel id='781' title='Mcp Iraq Music' thumbnail='http://api.arabtvnet.tv/logos/781.jpg' />
        <channel id='987' title='Melody Hits' thumbnail='http://api.arabtvnet.tv/logos/987.jpg' />
        <channel id='309' title='Mtv Lebanon ' thumbnail='http://api.arabtvnet.tv/logos/309.jpg' />
        <channel id='996' title='Rotana Clip' thumbnail='http://api.arabtvnet.tv/logos/996.jpg' />
        <channel id='997' title='Rotana Khaligi' thumbnail='http://api.arabtvnet.tv/logos/997.jpg' />
        <channel id='995' title='Rotana Music' thumbnail='http://api.arabtvnet.tv/logos/995.jpg' />
        <channel id='994' title='Rotana Zaman' thumbnail='http://api.arabtvnet.tv/logos/994.jpg' />
        <channel id='280' title='Wanasah' thumbnail='http://api.arabtvnet.tv/logos/280.jpg' />
    </category>
    <category title='News'>
        <channel id='1288' title='Al-Mayadeen' thumbnail='http://api.arabtvnet.tv/logos/1288.jpg' />
        <channel id='263' title='Al-hurra Iraq' thumbnail='http://api.arabtvnet.tv/logos/263.jpg' />
        <channel id='264' title='Alalam' thumbnail='http://api.arabtvnet.tv/logos/264.jpg' />
        <channel id='333' title='Alarabi Doc' thumbnail='http://api.arabtvnet.tv/logos/333.jpg' />
        <channel id='260' title='Alarabiya' thumbnail='http://api.arabtvnet.tv/logos/260.jpg' />
        <channel id='858' title='Alarabiya Hadath' thumbnail='http://api.arabtvnet.tv/logos/858.jpg' />
        <channel id='437' title='Aljazeera' thumbnail='http://api.arabtvnet.tv/logos/437.jpg' />
        <channel id='265' title='Aljazeera Doc' thumbnail='http://api.arabtvnet.tv/logos/265.jpg' />
        <channel id='729' title='Aljazeera Mubasher' thumbnail='http://api.arabtvnet.tv/logos/729.jpg' />
        <channel id='677' title='CCTV Arabia' thumbnail='http://api.arabtvnet.tv/logos/677.jpg' />
        <channel id='517' title='CNBC Arabia' thumbnail='http://api.arabtvnet.tv/logos/517.jpg' />
        <channel id='721' title='Euro News' thumbnail='http://api.arabtvnet.tv/logos/721.jpg' />
        <channel id='436' title='France24 Arabic' thumbnail='http://api.arabtvnet.tv/logos/436.jpg' />
        <channel id='709' title='Future News' thumbnail='http://api.arabtvnet.tv/logos/709.jpg' />
        <channel id='1102' title='JSC Mubasher Misr' thumbnail='http://api.arabtvnet.tv/logos/1102.jpg' />
        <channel id='330' title='Knn News' thumbnail='http://api.arabtvnet.tv/logos/330.jpg' />
        <channel id='266' title='National Geographic Ad' thumbnail='http://api.arabtvnet.tv/logos/266.jpg' />
        <channel id='448' title='Orient News' thumbnail='http://api.arabtvnet.tv/logos/448.jpg' />
        <channel id='262' title='Russia Alyaum' thumbnail='http://api.arabtvnet.tv/logos/262.jpg' />
        <channel id='1085' title='Sharqia News' thumbnail='http://api.arabtvnet.tv/logos/1085.jpg' />
    </category>
    <category title='Religion'>
        <channel id='687' title='Afasi TV' thumbnail='http://api.arabtvnet.tv/logos/687.jpg' />
        <channel id='825' title='Aghapy' thumbnail='http://api.arabtvnet.tv/logos/825.jpg' />
        <channel id='803' title='Al Rahma' thumbnail='http://api.arabtvnet.tv/logos/803.jpg' />
        <channel id='422' title='Al-Anwar' thumbnail='http://api.arabtvnet.tv/logos/422.jpg' />
        <channel id='421' title='Al-Kawthar' thumbnail='http://api.arabtvnet.tv/logos/421.jpg' />
        <channel id='516' title='Al-Manar' thumbnail='http://api.arabtvnet.tv/logos/516.jpg' />
        <channel id='418' title='Al-Resala' thumbnail='http://api.arabtvnet.tv/logos/418.jpg' />
        <channel id='431' title='Al-Zahraa' thumbnail='http://api.arabtvnet.tv/logos/431.jpg' />
        <channel id='770' title='Almaaref' thumbnail='http://api.arabtvnet.tv/logos/770.jpg' />
        <channel id='807' title='Alnas TV' thumbnail='http://api.arabtvnet.tv/logos/807.jpg' />
        <channel id='424' title='Alsunnah' thumbnail='http://api.arabtvnet.tv/logos/424.jpg' />
        <channel id='410' title='Anwar 2' thumbnail='http://api.arabtvnet.tv/logos/410.jpg' />
        <channel id='429' title='CTV Coptic' thumbnail='http://api.arabtvnet.tv/logos/429.jpg' />
        <channel id='1071' title='Coran' thumbnail='http://api.arabtvnet.tv/logos/1071.jpg' />
        <channel id='420' title='Iqra' thumbnail='http://api.arabtvnet.tv/logos/420.jpg' />
        <channel id='771' title='Karbala TV' thumbnail='http://api.arabtvnet.tv/logos/771.jpg' />
        <channel id='1062' title='Marmorkos' thumbnail='http://api.arabtvnet.tv/logos/1062.jpg' />
        <channel id='471' title='Miracle' thumbnail='http://api.arabtvnet.tv/logos/471.jpg' />
        <channel id='428' title='Nour Sat' thumbnail='http://api.arabtvnet.tv/logos/428.jpg' />
        <channel id='305' title='Sat 7 Plus' thumbnail='http://api.arabtvnet.tv/logos/305.jpg' />
        <channel id='1253' title='The Truth' thumbnail='http://api.arabtvnet.tv/logos/1253.jpg' />
    </category>
    <category title='Sport'>
        <channel id='531' title='Abu Dhabi Sport 1' thumbnail='http://api.arabtvnet.tv/logos/531.jpg' />
        <channel id='661' title='Aljazeera Sport 2' thumbnail='http://api.arabtvnet.tv/logos/661.jpg' />
        <channel id='434' title='Alriadia Sport' thumbnail='http://api.arabtvnet.tv/logos/434.jpg' />
        <channel id='852' title='Dubai Sport 1' thumbnail='http://api.arabtvnet.tv/logos/852.jpg' />
        <channel id='977' title='Gladiator' thumbnail='http://api.arabtvnet.tv/logos/977.jpg' />
        <channel id='1009' title='Mosar3 Tv' thumbnail='http://api.arabtvnet.tv/logos/1009.jpg' />
    </category>
    <category title='TV - Egypt'>
        <channel id='1090' title='25 Channel' thumbnail='http://api.arabtvnet.tv/logos/1090.jpg' />
        <channel id='1047' title='AUC Channel' thumbnail='http://api.arabtvnet.tv/logos/1047.jpg' />
        <channel id='971' title='Al-Nahar TV' thumbnail='http://api.arabtvnet.tv/logos/971.jpg' />
        <channel id='299' title='Alhayat 1 ' thumbnail='http://api.arabtvnet.tv/logos/299.jpg' />
        <channel id='969' title='Alhayat-Series' thumbnail='http://api.arabtvnet.tv/logos/969.jpg' />
        <channel id='717' title='Arabica TV' thumbnail='http://api.arabtvnet.tv/logos/717.jpg' />
        <channel id='980' title='CBC TV' thumbnail='http://api.arabtvnet.tv/logos/980.jpg' />
        <channel id='303' title='Dream 1' thumbnail='http://api.arabtvnet.tv/logos/303.jpg' />
        <channel id='304' title='Dream 2 ' thumbnail='http://api.arabtvnet.tv/logos/304.jpg' />
        <channel id='688' title='Dream HD' thumbnail='http://api.arabtvnet.tv/logos/688.jpg' />
        <channel id='278' title='Faraeen' thumbnail='http://api.arabtvnet.tv/logos/278.jpg' />
        <channel id='279' title='Infinity' thumbnail='http://api.arabtvnet.tv/logos/279.jpg' />
        <channel id='306' title='Masria Esc' thumbnail='http://api.arabtvnet.tv/logos/306.jpg' />
        <channel id='698' title='Mehwar' thumbnail='http://api.arabtvnet.tv/logos/698.jpg' />
        <channel id='982' title='Misr 25' thumbnail='http://api.arabtvnet.tv/logos/982.jpg' />
        <channel id='338' title='Nile Life' thumbnail='http://api.arabtvnet.tv/logos/338.jpg' />
        <channel id='295' title='On TV' thumbnail='http://api.arabtvnet.tv/logos/295.jpg' />
        <channel id='1050' title='Ontv Live' thumbnail='http://api.arabtvnet.tv/logos/1050.jpg' />
        <channel id='298' title='Rotana Masriya' thumbnail='http://api.arabtvnet.tv/logos/298.jpg' />
    </category>
    <category title='TV - Gulf'>
        <channel id='349' title='Abu Dhabi' thumbnail='http://api.arabtvnet.tv/logos/349.jpg' />
        <channel id='416' title='Abu Dhabi Emarat' thumbnail='http://api.arabtvnet.tv/logos/416.jpg' />
        <channel id='397' title='Alwatan' thumbnail='http://api.arabtvnet.tv/logos/397.jpg' />
        <channel id='505' title='Alwatan+' thumbnail='http://api.arabtvnet.tv/logos/505.jpg' />
        <channel id='346' title='Dubai' thumbnail='http://api.arabtvnet.tv/logos/346.jpg' />
        <channel id='719' title='Founon 1' thumbnail='http://api.arabtvnet.tv/logos/719.jpg' />
        <channel id='395' title='Kuwait' thumbnail='http://api.arabtvnet.tv/logos/395.jpg' />
        <channel id='400' title='Qatar' thumbnail='http://api.arabtvnet.tv/logos/400.jpg' />
        <channel id='782' title='Sama Dubai' thumbnail='http://api.arabtvnet.tv/logos/782.jpg' />
        <channel id='350' title='Sharjah' thumbnail='http://api.arabtvnet.tv/logos/350.jpg' />
    </category>
    <category title='TV - Iraq'>
        <channel id='1012' title='Al-Babeliya' thumbnail='http://api.arabtvnet.tv/logos/1012.jpg' />
        <channel id='392' title='Al-Fayha' thumbnail='http://api.arabtvnet.tv/logos/392.jpg' />
        <channel id='1039' title='Al-Hurria' thumbnail='http://api.arabtvnet.tv/logos/1039.jpg' />
        <channel id='321' title='Albaghdadie' thumbnail='http://api.arabtvnet.tv/logos/321.jpg' />
        <channel id='1069' title='Aletejah' thumbnail='http://api.arabtvnet.tv/logos/1069.jpg' />
        <channel id='323' title='Aliraqiya' thumbnail='http://api.arabtvnet.tv/logos/323.jpg' />
        <channel id='324' title='Alrashid' thumbnail='http://api.arabtvnet.tv/logos/324.jpg' />
        <channel id='320' title='Alsharqiya' thumbnail='http://api.arabtvnet.tv/logos/320.jpg' />
        <channel id='325' title='Alsumaria' thumbnail='http://api.arabtvnet.tv/logos/325.jpg' />
        <channel id='1049' title='Ashur TV' thumbnail='http://api.arabtvnet.tv/logos/1049.jpg' />
        <channel id='322' title='Baghdad' thumbnail='http://api.arabtvnet.tv/logos/322.jpg' />
        <channel id='1006' title='Chabab Iraq' thumbnail='http://api.arabtvnet.tv/logos/1006.jpg' />
        <channel id='327' title='Forat' thumbnail='http://api.arabtvnet.tv/logos/327.jpg' />
        <channel id='859' title='Gali Kurdistan' thumbnail='http://api.arabtvnet.tv/logos/859.jpg' />
        <channel id='329' title='Ishtar' thumbnail='http://api.arabtvnet.tv/logos/329.jpg' />
        <channel id='984' title='Kanal 4 Kurd' thumbnail='http://api.arabtvnet.tv/logos/984.jpg' />
        <channel id='983' title='Korek TV' thumbnail='http://api.arabtvnet.tv/logos/983.jpg' />
        <channel id='666' title='Kurd 1' thumbnail='http://api.arabtvnet.tv/logos/666.jpg' />
        <channel id='331' title='Kurdistan' thumbnail='http://api.arabtvnet.tv/logos/331.jpg' />
        <channel id='332' title='Kurdsat' thumbnail='http://api.arabtvnet.tv/logos/332.jpg' />
        <channel id='1058' title='Nrt Kurdistan' thumbnail='http://api.arabtvnet.tv/logos/1058.jpg' />
        <channel id='961' title='Vin TV' thumbnail='http://api.arabtvnet.tv/logos/961.jpg' />
        <channel id='335' title='Zagroz' thumbnail='http://api.arabtvnet.tv/logos/335.jpg' />
    </category>
    <category title='TV - North Africa'>
        <channel id='405' title='2M' thumbnail='http://api.arabtvnet.tv/logos/405.jpg' />
        <channel id='408' title='A3' thumbnail='http://api.arabtvnet.tv/logos/408.jpg' />
        <channel id='1294' title='Al Assema tv' thumbnail='http://api.arabtvnet.tv/logos/1294.jpg' />
        <channel id='419' title='Al-Mustakillah' thumbnail='http://api.arabtvnet.tv/logos/419.jpg' />
        <channel id='821' title='Al-Tunisia' thumbnail='http://api.arabtvnet.tv/logos/821.jpg' />
        <channel id='1211' title='Al-Zerah' thumbnail='http://api.arabtvnet.tv/logos/1211.jpg' />
        <channel id='281' title='Alhiwar' thumbnail='http://api.arabtvnet.tv/logos/281.jpg' />
        <channel id='433' title='Alola Ant' thumbnail='http://api.arabtvnet.tv/logos/433.jpg' />
        <channel id='1197' title='Alola International 2' thumbnail='http://api.arabtvnet.tv/logos/1197.jpg' />
        <channel id='396' title='Alrai' thumbnail='http://api.arabtvnet.tv/logos/396.jpg' />
        <channel id='693' title='Alshorooq' thumbnail='http://api.arabtvnet.tv/logos/693.jpg' />
        <channel id='539' title='Arrabia' thumbnail='http://api.arabtvnet.tv/logos/539.jpg' />
        <channel id='1154' title='Assadisa' thumbnail='http://api.arabtvnet.tv/logos/1154.jpg' />
        <channel id='411' title='Blue Nile' thumbnail='http://api.arabtvnet.tv/logos/411.jpg' />
        <channel id='432' title='Canal Algeria' thumbnail='http://api.arabtvnet.tv/logos/432.jpg' />
        <channel id='696' title='ESTV' thumbnail='http://api.arabtvnet.tv/logos/696.jpg' />
        <channel id='1248' title='Elchourok Algeria' thumbnail='http://api.arabtvnet.tv/logos/1248.jpg' />
        <channel id='506' title='Eri TV' thumbnail='http://api.arabtvnet.tv/logos/506.jpg' />
        <channel id='409' title='Hanibal' thumbnail='http://api.arabtvnet.tv/logos/409.jpg' />
        <channel id='755' title='Kaifa Tv' thumbnail='http://api.arabtvnet.tv/logos/755.jpg' />
        <channel id='1289' title='Libya Alwataniya' thumbnail='http://api.arabtvnet.tv/logos/1289.jpg' />
        <channel id='1279' title='Libya Awalan' thumbnail='http://api.arabtvnet.tv/logos/1279.jpg' />
        <channel id='576' title='Lybia Al Ahrar' thumbnail='http://api.arabtvnet.tv/logos/576.jpg' />
        <channel id='270' title='MBC Maghreb' thumbnail='http://api.arabtvnet.tv/logos/270.jpg' />
        <channel id='404' title='Maghreb 1' thumbnail='http://api.arabtvnet.tv/logos/404.jpg' />
        <channel id='406' title='Medi 1 Sat' thumbnail='http://api.arabtvnet.tv/logos/406.jpg' />
        <channel id='1199' title='Nourmina Tv' thumbnail='http://api.arabtvnet.tv/logos/1199.jpg' />
        <channel id='1020' title='Roya TV' thumbnail='http://api.arabtvnet.tv/logos/1020.jpg' />
        <channel id='910' title='Royali Somali' thumbnail='http://api.arabtvnet.tv/logos/910.jpg' />
        <channel id='547' title='Somali Channel' thumbnail='http://api.arabtvnet.tv/logos/547.jpg' />
        <channel id='546' title='Sudan TV' thumbnail='http://api.arabtvnet.tv/logos/546.jpg' />
        <channel id='541' title='Tamazigh Algeria' thumbnail='http://api.arabtvnet.tv/logos/541.jpg' />
        <channel id='423' title='Tunis 7' thumbnail='http://api.arabtvnet.tv/logos/423.jpg' />
        <channel id='974' title='Tunis Alyaum' thumbnail='http://api.arabtvnet.tv/logos/974.jpg' />
        <channel id='778' title='VTV4' thumbnail='http://api.arabtvnet.tv/logos/778.jpg' />
    </category>
    <category title='TV - Sham'>
        <channel id='313' title='ANB' thumbnail='http://api.arabtvnet.tv/logos/313.jpg' />
        <channel id='316' title='Aldunia' thumbnail='http://api.arabtvnet.tv/logos/316.jpg' />
        <channel id='311' title='Aljadeed' thumbnail='http://api.arabtvnet.tv/logos/311.jpg' />
        <channel id='308' title='Future' thumbnail='http://api.arabtvnet.tv/logos/308.jpg' />
        <channel id='515' title='Future Usa' thumbnail='http://api.arabtvnet.tv/logos/515.jpg' />
        <channel id='318' title='Jordan' thumbnail='http://api.arabtvnet.tv/logos/318.jpg' />
        <channel id='307' title='Lbc' thumbnail='http://api.arabtvnet.tv/logos/307.jpg' />
        <channel id='991' title='Lbc Europa' thumbnail='http://api.arabtvnet.tv/logos/991.jpg' />
        <channel id='312' title='NBN' thumbnail='http://api.arabtvnet.tv/logos/312.jpg' />
        <channel id='310' title='Otv Lebanon' thumbnail='http://api.arabtvnet.tv/logos/310.jpg' />
        <channel id='314' title='Syria' thumbnail='http://api.arabtvnet.tv/logos/314.jpg' />
        <channel id='514' title='Teleliban' thumbnail='http://api.arabtvnet.tv/logos/514.jpg' />
    </category>
</categories>
