<?xml version="1.0" encoding="UTF-8"?>
<addon
  id="plugin.video.alarab"
  version="1.8.0"
  name="ALARAB"
  provider-name="Bisha">
  <requires>
    <import addon="xbmc.python"
            version="2.0"/>
  </requires>
  <extension point="xbmc.python.pluginsource"
             library="default.py">
    <provides>video</provides>
  </extension>
  <extension point="xbmc.addon.metadata">
    <summary>Alarab VOD Arabic plugin by BISHA</summary>
    <description>Alarab VOD Arabic plugin by BISHA. This plugin is completely FREE , Please DO NOT buy any products from “http://tvtoyz.com/”</description>
   
    <platform>all</platform>
  </extension>
</addon>