<?xml version="1.0" encoding="UTF-8" standalone="yes"?>
<addon id="plugin.video.dailytube4u.com"
       name="DailyTube4U.com"
       version="1.0.2"
       provider-name="hadynz">
    <requires>
        <import addon="xbmc.python" version="2.0"/>
        <import addon="script.module.beautifulsoup" version="3.0.8"/>
        <import addon="script.module.xbmcswift2" version="1.1.1" />
    </requires>
    <extension point="xbmc.python.pluginsource" library="default.py">
        <provides>video</provides>
    </extension>
    <extension point="xbmc.addon.metadata">
        <summary>DailyTube4U.com</summary>
        <description>Watch a huge variety of OnDemand online Arabic TV streams provided and maintained by dailytube4u.com.

The service includes TV shows such as Al Qahera Al Youm, Al Bernameg, Akher Kalam, Nas Book, Ibrahim Wal Nas and others.
        </description>
        <platform>all</platform>
    </extension>
</addon>
